chr20	3660672	.	C	A	.	EXOMES_FILTERED	0	1542598	0	0	152328	0	0	1390270	0	.	0	0	0	0	0	0	0	0	0	0	0	0	0	0	0	0	0	0	0	0	0	0	0	0	0	0	0
chr20	3660672	.	C	G	.	PASS	1	1542598	6.48257e-07	0	152328	0	1	1390270	7.19285e-07	nfe	0	0	0	0	0	8.74358e-07	0	0	0	0	0	0	0	0	9.29651e-07	0	0	0	0	0	0	0	0	0	0	0	0
chr20	3660672	.	C	T	.	EXOMES_FILTERED	0	1542598	0	0	152328	0	0	1390270	0	.	0	0	0	0	0	0	0	0	0	0	0	0	0	0	0	0	0	0	0	0	0	0	0	0	0	0	0
chr20	3660750	.	CGTACCCACGAGGCCCGCGTA	C	.	EXOMES_FILTERED	1	1430338	6.99135e-07	0	152298	0	1	1278040	7.82448e-07	nfe	0	0	0	0	0	9.10215e-07	0	0	0	0	0	0	0	0	9.70263e-07	0	0	0	0	0	0	0	0	0	0	0	0
chr20	3660756	.	C	A	.	PASS	1	1423376	7.02555e-07	0	152276	0	1	1271100	7.8672e-07	eas	0	0	0	2.81595e-05	0	0	0	0	0	0	0	0	3.29598e-05	0	0	0	0	0	0	0	0	0	0	0	0	0	0
chr20	3660756	.	C	T	.	EXOMES_FILTERED	0	1423376	0	0	152276	0	0	1271100	0	.	0	0	0	0	0	0	0	0	0	0	0	0	0	0	0	0	0	0	0	0	0	0	0	0	0	0	0
chr20	3660757	.	A	C	.	PASS	1	1423052	7.02715e-07	0	152052	0	1	1271000	7.86782e-07	nfe	0	0	0	0	0	9.11915e-07	0	0	0	0	0	0	0	0	9.72114e-07	0	0	0	0	0	0	0	0	0	0	0	0
chr20	3660757	.	A	G	.	PASS	1	1423052	7.02715e-07	0	152052	0	1	1271000	7.86782e-07	.	0	0	0	0	2.43061e-05	0	0	0	0	0	0	0	0	3.27011e-05	0	0	0	0	0	0	0	0	0	0	0	0	0
chr20	3660758	.	C	A	.	EXOMES_FILTERED	0	1423196	0	0	152302	0	0	1270894	0	.	0	0	0	0	0	0	0	0	0	0	0	0	0	0	0	0	0	0	0	0	0	0	0	0	0	0	0
chr20	3660758	.	C	G	.	PASS	1	1423196	7.02644e-07	0	152302	0	1	1270894	7.86848e-07	nfe	0	0	0	0	0	9.11619e-07	0	0	0	0	0	0	0	0	9.71865e-07	0	0	0	0	0	0	0	0	0	0	0	0
chr20	3660758	.	C	T	.	PASS	1	1423196	7.02644e-07	0	152302	0	1	1270894	7.86848e-07	nfe	0	0	0	0	0	9.11619e-07	0	0	0	0	0	0	0	0	9.71865e-07	0	0	0	0	0	0	0	0	0	0	0	0
chr20	3660759	.	G	A	.	PASS	3	1423888	2.10691e-06	0	152204	0	3	1271684	2.35908e-06	nfe	0	0	0	0	0	1.82257e-06	0	0	1.82295e-05	0	0	0	0	0	1.94291e-06	0	0	1.89595e-05	0	0	0	0	0	0	0	0	0
chr20	3660759	.	G	T	.	EXOMES_FILTERED	0	1423888	0	0	152204	0	0	1271684	0	.	0	0	0	0	0	0	0	0	0	0	0	0	0	0	0	0	0	0	0	0	0	0	0	0	0	0	0
chr20	3660761	.	G	A	.	EXOMES_FILTERED	0	1419670	0	0	152246	0	0	1267424	0	.	0	0	0	0	0	0	0	0	0	0	0	0	0	0	0	0	0	0	0	0	0	0	0	0	0	0	0
chr20	3660761	.	G	T	.	EXOMES_FILTERED	0	1419670	0	0	152246	0	0	1267424	0	.	0	0	0	0	0	0	0	0	0	0	0	0	0	0	0	0	0	0	0	0	0	0	0	0	0	0	0
chr20	3660762	.	G	A	.	PASS	1	1419774	7.04337e-07	0	152230	0	1	1267544	7.88927e-07	nfe	0	0	0	0	0	9.1246e-07	0	0	0	0	0	0	0	0	9.72799e-07	0	0	0	0	0	0	0	0	0	0	0	0
chr20	3660762	.	G	T	.	EXOMES_FILTERED	0	1419774	0	0	152230	0	0	1267544	0	.	0	0	0	0	0	0	0	0	0	0	0	0	0	0	0	0	0	0	0	0	0	0	0	0	0	0	0
chr20	3660763	.	C	A	.	EXOMES_FILTERED	0	1419756	0	0	152270	0	0	1267486	0	.	0	0	0	0	0	0	0	0	0	0	0	0	0	0	0	0	0	0	0	0	0	0	0	0	0	0	0
chr20	3660763	.	C	T	.	EXOMES_FILTERED	0	1419756	0	0	152270	0	0	1267486	0	.	0	0	0	0	0	0	0	0	0	0	0	0	0	0	0	0	0	0	0	0	0	0	0	0	0	0	0
chr20	3660765	.	C	A	.	EXOMES_FILTERED	0	1415570	0	0	152220	0	0	1263350	0	.	0	0	0	0	0	0	0	0	0	0	0	0	0	0	0	0	0	0	0	0	0	0	0	0	0	0	0
chr20	3660765	.	C	G	.	PASS	3	1415464	2.11945e-06	2	152112	1.31482e-05	1	1263352	7.91545e-07	afr	1.51126e-05	0	0	0	0	1.82789e-06	0	0	0	0	0	0	0	0	9.74497e-07	0	0	0	2.41289e-05	0	0	0	0	1.47089e-05	0	0	0
chr20	3660765	.	C	T	.	PASS	3	1415572	2.11928e-06	0	152220	0	3	1263352	2.37464e-06	eas	0	0	0	8.54165e-05	0	0	0	0	0	0	0	0	0.000100113	0	0	0	0	0	0	0	0	0	0	0	0	0	0
chr20	3660766	.	G	A	.	PASS	4	1416878	2.82311e-06	0	152282	0	4	1264596	3.16307e-06	sas	0	0	0	0	0	2.73999e-06	0	1.53539e-05	0	0	0	0	0	0	2.92143e-06	0	1.65848e-05	0	0	0	0	0	0	0	0	0	0
chr20	3660766	.	G	T	.	EXOMES_FILTERED	0	1416878	0	0	152282	0	0	1264596	0	.	0	0	0	0	0	0	0	0	0	0	0	0	0	0	0	0	0	0	0	0	0	0	0	0	0	0	0
chr20	3660767	.	C	A	.	EXOMES_FILTERED	0	1415828	0	0	152270	0	0	1263558	0	.	0	0	0	0	0	0	0	0	0	0	0	0	0	0	0	0	0	0	0	0	0	0	0	0	0	0	0
chr20	3660767	.	C	T	.	PASS	2	1415720	1.41271e-06	1	152162	6.57194e-06	1	1263558	7.91416e-07	amr	0	3.11662e-05	0	0	0	9.13753e-07	0	0	0	0	0	0	0	0	9.7429e-07	0	0	0	0	6.54365e-05	0	0	0	0	0	0	0
chr20	3660768	.	G	A	.	PASS	45	1416718	3.17636e-05	3	152126	1.97205e-05	42	1264592	3.32123e-05	nfe	0	0	0	0	0	4.01863e-05	0	0	1.83358e-05	0	0	0	0	0	3.99253e-05	0	0	1.90672e-05	0	0	0	0	0	4.41293e-05	0	0	0
chr20	3660768	.	G	C	.	PASS	5	1416826	3.52901e-06	0	152234	0	5	1264592	3.95384e-06	nfe	0	0	0	0	0	2.74e-06	0	0	3.66569e-05	0	0	0	0	0	2.92136e-06	0	0	3.81345e-05	0	0	0	0	0	0	0	0	0
chr20	3660768	.	G	T	.	EXOMES_FILTERED	0	1416826	0	0	152234	0	0	1264592	0	.	0	0	0	0	0	0	0	0	0	0	0	0	0	0	0	0	0	0	0	0	0	0	0	0	0	0	0
chr20	3660769	.	T	C	.	PASS	3	1415996	2.11865e-06	1	151970	6.58025e-06	2	1264026	1.58225e-06	sas	1.51199e-05	0	4.62749e-05	0	0	0	0	1.53666e-05	0	0	0	5.51207e-05	0	0	0	0	1.66003e-05	0	2.41534e-05	0	0	0	0	0	0	0	0
chr20	3660769	.	T	TAGGCGCGC	.	PASS	1	1416104	7.06163e-07	0	152078	0	1	1264026	7.91123e-07	nfe	0	0	0	0	0	9.13612e-07	0	0	0	0	0	0	0	0	9.74057e-07	0	0	0	0	0	0	0	0	0	0	0	0
chr20	3660770	.	A	G	.	EXOMES_FILTERED	0	1414628	0	0	152148	0	0	1262480	0	.	0	0	0	0	0	0	0	0	0	0	0	0	0	0	0	0	0	0	0	0	0	0	0	0	0	0	0
chr20	3660771	.	G	A	.	PASS	1	1415248	7.0659e-07	0	152270	0	1	1262978	7.91779e-07	afr	1.50966e-05	0	0	0	0	0	0	0	0	4.05416e-05	0	0	0	0	0	0	0	0	0	0	0	0	0	0	0	0	0
chr20	3660771	.	G	T	.	EXOMES_FILTERED	0	1415246	0	0	152270	0	0	1262976	0	.	0	0	0	0	0	0	0	0	0	0	0	0	0	0	0	0	0	0	0	0	0	0	0	0	0	0	0
chr20	3660772	.	G	A	.	PASS	6	1415390	4.23911e-06	0	152252	0	6	1263138	4.75007e-06	sas	0	0	0	0	0	0	0	9.24927e-05	0	0	0	0	0	0	0	0	9.994e-05	0	0	0	0	0	0	0	0	0	0
chr20	3660772	.	G	C	.	PASS	24	1415390	1.69565e-05	0	152252	0	24	1263138	1.90003e-05	nfe	0	0	0	0	0	2.19273e-05	0	0	0	0	0	0	0	0	2.33796e-05	0	0	0	0	0	0	0	0	0	0	0	0
chr20	3660772	.	G	GCGCGCAGGCAGCGGGCGCCCTGGT	.	EXOMES_FILTERED	7	1415390	4.94563e-06	0	152252	0	7	1263138	5.54175e-06	nfe	0	0	0	0	0	6.39546e-06	0	0	0	0	0	0	0	0	6.81905e-06	0	0	0	0	0	0	0	0	0	0	0	0
chr20	3660772	.	G	T	.	EXOMES_FILTERED	0	1415390	0	0	152252	0	0	1263138	0	.	0	0	0	0	0	0	0	0	0	0	0	0	0	0	0	0	0	0	0	0	0	0	0	0	0	0	0
chr20	4182297	.	C	A	.	EXOMES_FILTERED	0	1606136	0	0	152218	0	0	1453918	0	.	0	0	0	0	0	0	0	0	0	0	0	0	0	0	0	0	0	0	0	0	0	0	0	0	0	0	0
chr20	4182298	.	C	T	.	PASS	13	1606232	8.09348e-06	0	152228	0	13	1454004	8.94083e-06	amr	0	0.000117398	0	0	0	5.10871e-06	0	0	0	0	0.000157892	0	0	0	5.42272e-06	0	0	0	0	0	0	0	0	0	0	0	0
chr20	4182301	.	A	G	.	PASS	13	1605108	8.09914e-06	1	152218	6.56953e-06	12	1452890	8.2594e-06	sas	0	0	0	4.48571e-05	0	0	0	6.62647e-05	8.07024e-05	0	0	0	2.53627e-05	0	0	0	6.99823e-05	8.35534e-05	0	0	0	0.000193874	0	0	0	0	0
chr20	4182307	.	T	C	.	PASS	73	1602732	4.55472e-05	2	151950	1.31622e-05	71	1450782	4.89391e-05	nfe	0	1.68243e-05	0	0	0	5.8869e-05	0	0	4.85076e-05	0	2.26388e-05	0	0	0	6.06815e-05	0	0	5.02058e-05	0	0	0	0	0	2.94256e-05	0	0	0
chr20	4182308	.	G	A	.	PASS	5	1603062	3.11903e-06	2	152160	1.31441e-05	3	1450902	2.06768e-06	nfe	0	0	0	0	0	4.26544e-06	0	0	0	0	0	0	0	0	2.71694e-06	0	0	0	0	0	0	0	0	2.93988e-05	0	0	0
chr20	4182315	.	A	G	.	PASS	1	1598838	6.25454e-07	0	152064	0	1	1446774	6.91193e-07	afr	1.33869e-05	0	0	0	0	0	0	0	0	3.00969e-05	0	0	0	0	0	0	0	0	0	0	0	0	0	0	0	0	0
chr20	4182317	.	C	A	.	PASS	1	1598580	6.25555e-07	0	152176	0	1	1446404	6.9137e-07	nfe	0	0	0	0	0	8.55337e-07	0	0	0	0	0	0	0	0	9.08145e-07	0	0	0	0	0	0	0	0	0	0	0	0
chr20	4182317	.	C	T	.	PASS	3	1598580	1.87667e-06	0	152176	0	3	1446404	2.07411e-06	nfe	0	0	0	0	0	2.56601e-06	0	0	0	0	0	0	0	0	2.72443e-06	0	0	0	0	0	0	0	0	0	0	0	0
chr20	4182318	.	C	G	.	PASS	1	1598972	6.25402e-07	0	152130	0	1	1446842	6.9116e-07	sas	0	0	0	0	0	0	0	1.1121e-05	0	0	0	0	0	0	0	0	1.17498e-05	0	0	0	0	0	0	0	0	0	0
chr20	4182318	.	C	T	.	PASS	4	1598854	2.50179e-06	3	152012	1.97353e-05	1	1446842	6.9116e-07	afr	4.01972e-05	0	0	0	0	8.55217e-07	0	0	0	0	0	0	0	0	9.08014e-07	0	0	0	7.24778e-05	0	0	0	0	0	0	0	0
chr20	4182320	.	C	G	.	PASS	1	1598268	6.25677e-07	1	152020	6.57808e-06	0	1446248	0	nfe	0	0	0	0	0	8.55371e-07	0	0	0	0	0	0	0	0	0	0	0	0	0	0	0	0	0	1.47067e-05	0	0	0
chr20	4182320	.	C	T	.	PASS	45	1598270	2.81554e-05	14	152020	9.20931e-05	31	1446250	2.14347e-05	amr	6.70098e-05	0.000152053	0	0	0	2.3095e-05	0	3.34046e-05	1.6209e-05	3.00969e-05	4.55373e-05	0	0	0	2.17966e-05	0	3.52933e-05	1.67785e-05	9.66417e-05	0.000458415	0	0	0	4.41202e-05	0	0	0
chr20	4182321	.	G	A	.	PASS	44	1597272	2.7547e-05	4	152052	2.63068e-05	40	1445220	2.76774e-05	amr	2.68125e-05	0.00015248	0	0	0	2.56754e-05	0	2.22806e-05	1.62259e-05	3.01368e-05	0.000182849	0	0	0	2.54444e-05	0	2.35405e-05	1.67954e-05	2.41488e-05	6.54793e-05	0	0	0	2.94144e-05	0	0	0
chr20	4182321	.	G	T	.	EXOMES_FILTERED	0	1597384	0	0	152170	0	0	1445214	0	.	0	0	0	0	0	0	0	0	0	0	0	0	0	0	0	0	0	0	0	0	0	0	0	0	0	0	0
chr20	4182323	.	G	A	.	PASS	3	1597170	1.87832e-06	1	152096	6.57479e-06	2	1445074	1.38401e-06	afr	1.34052e-05	0	0	0	0	1.71161e-06	0	0	0	0	0	0	0	0	1.81741e-06	0	0	0	2.41511e-05	0	0	0	0	0	0	0	0
chr20	4182323	.	G	C	.	PASS	2	1597288	1.25212e-06	0	152214	0	2	1445074	1.38401e-06	amr	0	1.69222e-05	0	0	0	8.55813e-07	0	0	0	0	2.28279e-05	0	0	0	9.08706e-07	0	0	0	0	0	0	0	0	0	0	0	0
chr20	4182323	.	G	T	.	PASS	1	1597288	6.26061e-07	0	152214	0	1	1445074	6.92006e-07	nfe	0	0	0	0	0	8.55813e-07	0	0	0	0	0	0	0	0	9.08706e-07	0	0	0	0	0	0	0	0	0	0	0	0
chr20	4182324	.	G	A	.	PASS	4	1597216	2.50436e-06	2	152130	1.31467e-05	2	1445086	1.384e-06	afr	5.35934e-05	0	0	0	0	0	0	0	0	6.02337e-05	0	0	0	0	0	0	0	0	4.82719e-05	0	0	0	0	0	0	0	0
chr20	4182324	.	G	C	.	PASS	37	1597216	2.31653e-05	1	152130	6.57333e-06	36	1445086	2.4912e-05	nfe	0	0	0	0	0	3.16647e-05	0	0	0	0	0	0	0	0	3.27131e-05	0	0	0	0	0	0	0	0	1.47024e-05	0	0	0
chr20	4182326	.	G	A	.	PASS	1	1596630	6.26319e-07	0	152252	0	1	1444378	6.9234e-07	eas	0	0	0	2.24638e-05	0	0	0	0	0	0	0	0	2.5413e-05	0	0	0	0	0	0	0	0	0	0	0	0	0	0
chr20	31968237	.	G	A	.	EXOMES_FILTERED	0	1146158	0	0	150494	0	0	995664	0	.	0	0	0	0	0	0	0	0	0	0	0	0	0	0	0	0	0	0	0	0	0	0	0	0	0	0	0
chr20	31968237	.	G	T	.	EXOMES_FILTERED	0	1146158	0	0	150494	0	0	995664	0	.	0	0	0	0	0	0	0	0	0	0	0	0	0	0	0	0	0	0	0	0	0	0	0	0	0	0	0
chr20	31968238	.	T	C	.	EXOMES_FILTERED	0	1144396	0	0	150052	0	0	994344	0	.	0	0	0	0	0	0	0	0	0	0	0	0	0	0	0	0	0	0	0	0	0	0	0	0	0	0	0
chr20	31968239	.	G	A	.	EXOMES_FILTERED	0	1144676	0	0	150330	0	0	994346	0	.	0	0	0	0	0	0	0	0	0	0	0	0	0	0	0	0	0	0	0	0	0	0	0	0	0	0	0
chr20	31968239	.	G	T	.	EXOMES_FILTERED	0	1144676	0	0	150330	0	0	994346	0	.	0	0	0	0	0	0	0	0	0	0	0	0	0	0	0	0	0	0	0	0	0	0	0	0	0	0	0
chr20	31968240	.	G	A	.	EXOMES_FILTERED	0	1144332	0	0	150308	0	0	994024	0	.	0	0	0	0	0	0	0	0	0	0	0	0	0	0	0	0	0	0	0	0	0	0	0	0	0	0	0
chr20	31968240	.	G	T	.	EXOMES_FILTERED	0	1144332	0	0	150308	0	0	994024	0	.	0	0	0	0	0	0	0	0	0	0	0	0	0	0	0	0	0	0	0	0	0	0	0	0	0	0	0
chr20	31968241	.	A	C	.	EXOMES_FILTERED	0	1141558	0	0	149862	0	0	991696	0	.	0	0	0	0	0	0	0	0	0	0	0	0	0	0	0	0	0	0	0	0	0	0	0	0	0	0	0
chr20	31968241	.	A	G	.	BOTH_FILTERED	0	1141448	0	0	149752	0	0	991696	0	.	0	0	0	0	0	0	0	0	0	0	0	0	0	0	0	0	0	0	0	0	0	0	0	0	0	0	0
chr20	31968242	.	G	T	.	EXOMES_FILTERED	0	1143124	0	0	150112	0	0	993012	0	.	0	0	0	0	0	0	0	0	0	0	0	0	0	0	0	0	0	0	0	0	0	0	0	0	0	0	0
chr20	31968243	.	C	A	.	EXOMES_FILTERED	0	1142974	0	0	150064	0	0	992910	0	.	0	0	0	0	0	0	0	0	0	0	0	0	0	0	0	0	0	0	0	0	0	0	0	0	0	0	0
chr20	31968243	.	C	T	.	PASS	1	1142974	8.74911e-07	0	150064	0	1	992910	1.00714e-06	nfe	0	0	0	0	0	1.07365e-06	0	0	0	0	0	0	0	0	1.15721e-06	0	0	0	0	0	0	0	0	0	0	0	0
chr20	31968244	.	C	A	.	EXOMES_FILTERED	0	1142964	0	0	150116	0	0	992848	0	.	0	0	0	0	0	0	0	0	0	0	0	0	0	0	0	0	0	0	0	0	0	0	0	0	0	0	0
chr20	31968244	.	C	T	.	EXOMES_FILTERED	0	1142964	0	0	150116	0	0	992848	0	.	0	0	0	0	0	0	0	0	0	0	0	0	0	0	0	0	0	0	0	0	0	0	0	0	0	0	0
chr20	31968245	.	C	A	.	EXOMES_FILTERED	0	1140066	0	0	149896	0	0	990170	0	.	0	0	0	0	0	0	0	0	0	0	0	0	0	0	0	0	0	0	0	0	0	0	0	0	0	0	0
chr20	31968245	.	C	T	.	PASS	36	1139958	3.15801e-05	26	149788	0.000173579	10	990170	1.00993e-05	amr	9.82769e-05	0.00136107	0	0	0	0	0	0	5.09606e-05	0.000150466	0.000906454	0	0	0	0	0	0	5.37866e-05	7.29678e-05	0.00152763	0	0	0	0	0	0	0
chr20	31968245	.	CG	C	.	PASS	1	1140062	8.77145e-07	0	149896	0	1	990166	1.00993e-06	nfe	0	0	0	0	0	1.07578e-06	0	0	0	0	0	0	0	0	1.15953e-06	0	0	0	0	0	0	0	0	0	0	0	0
chr20	31968245	.	CGGGGCAGTGCCGGCGGGCGCGGGGAGGCGGCGGCGGCGGCCG	C	.	EXOMES_FILTERED	0	1140066	0	0	149896	0	0	990170	0	.	0	0	0	0	0	0	0	0	0	0	0	0	0	0	0	0	0	0	0	0	0	0	0	0	0	0	0
chr20	31968246	.	G	A	.	EXOMES_FILTERED	0	1140686	0	0	149922	0	0	990764	0	.	0	0	0	0	0	0	0	0	0	0	0	0	0	0	0	0	0	0	0	0	0	0	0	0	0	0	0
chr20	31968246	.	G	C	.	EXOMES_FILTERED	0	1140686	0	0	149922	0	0	990764	0	.	0	0	0	0	0	0	0	0	0	0	0	0	0	0	0	0	0	0	0	0	0	0	0	0	0	0	0
chr20	31968246	.	G	T	.	EXOMES_FILTERED	1	1140686	8.76665e-07	0	149922	0	1	990764	1.00932e-06	eas	0	0	0	4.28009e-05	0	0	0	0	0	0	0	0	5.47645e-05	0	0	0	0	0	0	0	0	0	0	0	0	0	0
chr20	31968247	.	G	A	.	PASS	13	1138878	1.14147e-05	2	149648	1.33647e-05	11	989230	1.11198e-05	sas	0	0	0	0	0	0	0	0.000551502	0	0	0	0	0	0	0	0	0.000586854	0	0	0	0	0	0	0	0	0.00041425	0
chr20	31968247	.	G	T	.	EXOMES_FILTERED	0	1138986	0	0	149756	0	0	989230	0	.	0	0	0	0	0	0	0	0	0	0	0	0	0	0	0	0	0	0	0	0	0	0	0	0	0	0	0
chr20	31968248	.	G	A	.	PASS	4	1138620	3.51302e-06	0	149708	0	4	988912	4.04485e-06	nfe	0	0	0	0	0	3.22951e-06	0	0	2.55519e-05	0	0	0	0	0	3.48097e-06	0	0	2.69847e-05	0	0	0	0	0	0	0	0	0
chr20	31968248	.	G	T	.	PASS	2	1138620	1.75651e-06	0	149708	0	2	988912	2.02242e-06	nfe	0	0	0	0	0	2.15301e-06	0	0	0	0	0	0	0	0	2.32065e-06	0	0	0	0	0	0	0	0	0	0	0	0
chr20	31968249	.	G	A	.	EXOMES_FILTERED	0	1138742	0	0	149788	0	0	988954	0	.	0	0	0	0	0	0	0	0	0	0	0	0	0	0	0	0	0	0	0	0	0	0	0	0	0	0	0
chr20	31968249	.	G	T	.	PASS	11	1138634	9.6607e-06	4	149680	2.67237e-05	7	988954	7.07819e-06	afr	1.63994e-05	0	0	0	0	1.07638e-05	0	0	0	0	0	0	0	0	8.12148e-06	0	0	0	2.4325e-05	0	0	0	0	4.46881e-05	0	0	0
chr20	31968250	.	C	A	.	EXOMES_FILTERED	0	1137918	0	0	149676	0	0	988242	0	.	0	0	0	0	0	0	0	0	0	0	0	0	0	0	0	0	0	0	0	0	0	0	0	0	0	0	0
chr20	31968250	.	C	T	.	EXOMES_FILTERED	0	1137918	0	0	149676	0	0	988242	0	.	0	0	0	0	0	0	0	0	0	0	0	0	0	0	0	0	0	0	0	0	0	0	0	0	0	0	0
chr20	31968251	.	A	C	.	PASS	1	1136850	8.79624e-07	0	149438	0	1	987412	1.01275e-06	nfe	0	0	0	0	0	1.07763e-06	0	0	0	0	0	0	0	0	1.16152e-06	0	0	0	0	0	0	0	0	0	0	0	0
chr20	31968252	.	G	A	.	BOTH_FILTERED	0	1137052	0	0	149438	0	0	987614	0	.	0	0	0	0	0	0	0	0	0	0	0	0	0	0	0	0	0	0	0	0	0	0	0	0	0	0	0
chr20	31968252	.	G	T	.	EXOMES_FILTERED	0	1137162	0	0	149548	0	0	987614	0	.	0	0	0	0	0	0	0	0	0	0	0	0	0	0	0	0	0	0	0	0	0	0	0	0	0	0	0
chr20	31968253	.	T	C	.	EXOMES_FILTERED	1	1135424	8.80728e-07	1	149148	6.70475e-06	0	986276	0	afr	1.64512e-05	0	0	0	0	0	0	0	0	0	0	0	0	0	0	0	0	0	2.4401e-05	0	0	0	0	0	0	0	0
chr20	31968254	.	G	A	.	PASS	13	1134396	1.14598e-05	0	149392	0	13	985004	1.31979e-05	nfe	0	0	0	0	0	1.29512e-05	0	0	2.57852e-05	0	0	0	0	0	1.39603e-05	0	0	2.7248e-05	0	0	0	0	0	0	0	0	0
chr20	31968254	.	G	T	.	EXOMES_FILTERED	0	1134396	0	0	149392	0	0	985004	0	.	0	0	0	0	0	0	0	0	0	0	0	0	0	0	0	0	0	0	0	0	0	0	0	0	0	0	0
chr20	31968255	.	C	A	.	PASS	1	1134258	8.81634e-07	0	149370	0	1	984888	1.01534e-06	nfe	0	0	0	0	0	1.07942e-06	0	0	0	0	0	0	0	0	1.16355e-06	0	0	0	0	0	0	0	0	0	0	0	0
chr20	31968255	.	C	T	.	EXOMES_FILTERED	0	1134258	0	0	149370	0	0	984888	0	.	0	0	0	0	0	0	0	0	0	0	0	0	0	0	0	0	0	0	0	0	0	0	0	0	0	0	0
chr20	31968256	.	C	A	.	EXOMES_FILTERED	0	1133078	0	0	149218	0	0	983860	0	.	0	0	0	0	0	0	0	0	0	0	0	0	0	0	0	0	0	0	0	0	0	0	0	0	0	0	0
chr20	31968256	.	C	T	.	EXOMES_FILTERED	0	1133076	0	0	149218	0	0	983858	0	.	0	0	0	0	0	0	0	0	0	0	0	0	0	0	0	0	0	0	0	0	0	0	0	0	0	0	0
chr20	31968257	.	G	A	.	EXOMES_FILTERED	0	1134868	0	0	149328	0	0	985540	0	.	0	0	0	0	0	0	0	0	0	0	0	0	0	0	0	0	0	0	0	0	0	0	0	0	0	0	0
chr20	31968257	.	G	C	.	PASS	19	1134868	1.6742e-05	0	149328	0	19	985540	1.92788e-05	nfe	0	0	0	0	0	2.05006e-05	0	0	0	0	0	0	0	0	2.20964e-05	0	0	0	0	0	0	0	0	0	0	0	0
chr20	31968257	.	G	T	.	EXOMES_FILTERED	0	1134868	0	0	149328	0	0	985540	0	.	0	0	0	0	0	0	0	0	0	0	0	0	0	0	0	0	0	0	0	0	0	0	0	0	0	0	0
chr20	31968259	.	C	A	.	PASS	1	1135118	8.80966e-07	0	149218	0	1	985900	1.0143e-06	nfe	0	0	0	0	0	1.07882e-06	0	0	0	0	0	0	0	0	1.16274e-06	0	0	0	0	0	0	0	0	0	0	0	0
chr20	31968259	.	C	T	.	PASS	5	1135008	4.40526e-06	2	149108	1.34131e-05	3	985900	3.0429e-06	nfe	0	0	0	0	0	5.39403e-06	0	0	0	0	0	0	0	0	3.48823e-06	0	0	0	0	0	0	0	0	2.98882e-05	0	0	0
chr20	31968260	.	G	A	.	PASS	2	1139610	1.75499e-06	1	149258	6.69981e-06	1	990352	1.00974e-06	nfe	0	0	0	0	0	2.15083e-06	0	0	0	0	0	0	0	0	1.15888e-06	0	0	0	0	0	0	0	0	1.49321e-05	0	0	0
chr20	31968260	.	G	T	.	EXOMES_FILTERED	0	1139720	0	0	149368	0	0	990352	0	.	0	0	0	0	0	0	0	0	0	0	0	0	0	0	0	0	0	0	0	0	0	0	0	0	0	0	0
chr20	31968261	.	G	A	.	PASS	6	1136746	5.27822e-06	0	149104	0	6	987642	6.07508e-06	nfe	0	0	0	0	0	6.46486e-06	0	0	0	0	0	0	0	0	6.96655e-06	0	0	0	0	0	0	0	0	0	0	0	0
chr20	31968261	.	G	C	.	PASS	1	1136746	8.79704e-07	1	149104	6.70673e-06	0	987642	0	eas	0	0	0	4.43027e-05	0	0	0	0	0	0	0	0	0	0	0	0	0	0	0	0	0	0.000195925	0	0	0	0	0
chr20	31968263	.	C	A	.	PASS	5	1139052	4.38962e-06	0	148918	0	5	990134	5.04982e-06	nfe	0	0	0	0	0	5.37909e-06	0	0	0	0	0	0	0	0	5.79533e-06	0	0	0	0	0	0	0	0	0	0	0	0
chr20	31968263	.	C	G	.	PASS	1	1139052	8.77923e-07	0	148918	0	1	990134	1.00996e-06	nfe	0	0	0	0	0	1.07582e-06	0	0	0	0	0	0	0	0	1.15907e-06	0	0	0	0	0	0	0	0	0	0	0	0
chr20	31968263	.	C	T	.	PASS	3	1138942	2.63402e-06	2	148808	1.34401e-05	1	990134	1.00996e-06	amr	0	9.77804e-05	0	0	0	1.07581e-06	0	0	0	0	0	0	0	0	1.15907e-06	0	0	0	0	0.000133529	0	0	0	0	0	0	0
chr20	31968264	.	G	A	.	EXOMES_FILTERED	0	1143364	0	0	149076	0	0	994288	0	.	0	0	0	0	0	0	0	0	0	0	0	0	0	0	0	0	0	0	0	0	0	0	0	0	0	0	0
chr20	31968265	.	C	A	.	EXOMES_FILTERED	0	1146134	0	0	149080	0	0	997054	0	.	0	0	0	0	0	0	0	0	0	0	0	0	0	0	0	0	0	0	0	0	0	0	0	0	0	0	0
chr20	31968265	.	C	G	.	PASS	4	1146026	3.49032e-06	2	148972	1.34253e-05	2	997054	2.00591e-06	amr	0	0.000193498	0	0	0	0	0	0	0	0	0.000351741	0	0	0	0	0	0	0	0	0.000133458	0	0	0	0	0	0	0
chr20	31968265	.	C	T	.	EXOMES_FILTERED	0	1146132	0	0	149080	0	0	997052	0	.	0	0	0	0	0	0	0	0	0	0	0	0	0	0	0	0	0	0	0	0	0	0	0	0	0	0	0
chr20	31968265	.	CG	C	.	EXOMES_FILTERED	0	1146134	0	0	149080	0	0	997054	0	.	0	0	0	0	0	0	0	0	0	0	0	0	0	0	0	0	0	0	0	0	0	0	0	0	0	0	0
chr20	31968265	.	CGGG	C	.	EXOMES_FILTERED	0	1146132	0	0	149080	0	0	997052	0	.	0	0	0	0	0	0	0	0	0	0	0	0	0	0	0	0	0	0	0	0	0	0	0	0	0	0	0
chr20	31968266	.	G	A	.	PASS	1	1154196	8.66404e-07	0	149168	0	1	1005028	9.94997e-07	nfe	0	0	0	0	0	1.06491e-06	0	0	0	0	0	0	0	0	1.14654e-06	0	0	0	0	0	0	0	0	0	0	0	0
chr20	31968266	.	G	T	.	EXOMES_FILTERED	0	1154196	0	0	149168	0	0	1005028	0	.	0	0	0	0	0	0	0	0	0	0	0	0	0	0	0	0	0	0	0	0	0	0	0	0	0	0	0
chr20	31968267	.	G	A	.	PASS	2212	1155626	0.00191411	298	149102	0.00199863	1914	1006524	0.00190159	nfe	0.000292047	0	0.000349601	0	0.0149932	0.00186498	0	0	0.000992901	0.000293571	0	0.000459053	0	0.0141815	0.0018577	0	0	0.00104707	0.00029129	0	0	0	0.0164578	0.00196014	0	0	0
chr20	31968267	.	G	T	.	EXOMES_FILTERED	0	1155626	0	0	149102	0	0	1006524	0	.	0	0	0	0	0	0	0	0	0	0	0	0	0	0	0	0	0	0	0	0	0	0	0	0	0	0	0
chr20	31968268	.	G	A	.	PASS	3	1156970	2.59298e-06	2	148976	1.3425e-05	1	1007994	9.92069e-07	afr	4.87583e-05	0	0	0	0	0	0	0	0	4.88472e-05	0	0	0	0	0	0	0	0	4.8714e-05	0	0	0	0	0	0	0	0
chr20	31968269	.	G	A	.	PASS	1	1160720	8.61534e-07	0	149036	0	1	1011684	9.88451e-07	nfe	0	0	0	0	0	1.06017e-06	0	0	0	0	0	0	0	0	1.14102e-06	0	0	0	0	0	0	0	0	0	0	0	0
chr20	32031257	.	GGATGAGCCCC	G	.	PASS	1	1295184	7.72091e-07	0	151630	0	1	1143554	8.74467e-07	.	0	0	0	0	0	0	0	0	2.29706e-05	0	0	0	0	0	0	0	0	2.41429e-05	0	0	0	0	0	0	0	0	0
chr20	32031265	.	C	A	.	EXOMES_FILTERED	0	1295970	0	0	152288	0	0	1143682	0	.	0	0	0	0	0	0	0	0	0	0	0	0	0	0	0	0	0	0	0	0	0	0	0	0	0	0	0
chr20	32031265	.	C	T	.	PASS	1	1295970	7.71623e-07	0	152288	0	1	1143682	8.74369e-07	nfe	0	0	0	0	0	1.01187e-06	0	0	0	0	0	0	0	0	1.08664e-06	0	0	0	0	0	0	0	0	0	0	0	0
chr20	32031266	.	C	A	.	PASS	3	1296044	2.31474e-06	0	152258	0	3	1143786	2.62287e-06	nfe	0	0	0	0	0	3.03559e-06	0	0	0	0	0	0	0	0	3.25993e-06	0	0	0	0	0	0	0	0	0	0	0	0
chr20	32031266	.	C	T	.	PASS	1	1296044	7.71579e-07	0	152258	0	1	1143786	8.74289e-07	nfe	0	0	0	0	0	1.01186e-06	0	0	0	0	0	0	0	0	1.08664e-06	0	0	0	0	0	0	0	0	0	0	0	0
chr20	32031267	.	C	A	.	PASS	1	1295866	7.71685e-07	0	152292	0	1	1143574	8.74452e-07	.	0	0	0	0	3.2039e-05	0	0	0	0	0	0	0	0	4.85767e-05	0	0	0	0	0	0	0	0	0	0	0	0	0
chr20	32031267	.	C	T	.	PASS	7	1295750	5.40228e-06	1	152176	6.57134e-06	6	1143574	5.24671e-06	mid	0	0	0	0	0	6.07141e-06	0.000213129	0	0	0	0	0	0	0	5.43347e-06	0.000228519	0	0	0	0	0	0	0	1.47024e-05	0	0	0
chr20	32031267	.	CG	C	.	EXOMES_FILTERED	0	1295864	0	0	152292	0	0	1143572	0	.	0	0	0	0	0	0	0	0	0	0	0	0	0	0	0	0	0	0	0	0	0	0	0	0	0	0	0
chr20	32031268	.	G	A	.	EXOMES_FILTERED	1	1294484	7.72509e-07	1	152178	6.57125e-06	0	1142306	0	sas	0	0	0	0	0	0	0	1.23493e-05	0	0	0	0	0	0	0	0	0	0	0	0	0	0	0	0	0	0.000206782	0
chr20	32031268	.	G	T	.	EXOMES_FILTERED	0	1294602	0	0	152296	0	0	1142306	0	.	0	0	0	0	0	0	0	0	0	0	0	0	0	0	0	0	0	0	0	0	0	0	0	0	0	0	0
chr20	32031269	.	G	C	.	PASS	14	1294692	1.08134e-05	0	152306	0	14	1142386	1.22551e-05	nfe	0	0	0	0	0	1.41697e-05	0	0	0	0	0	0	0	0	1.52172e-05	0	0	0	0	0	0	0	0	0	0	0	0
chr20	32031269	.	G	T	.	EXOMES_FILTERED	0	1294694	0	0	152306	0	0	1142388	0	.	0	0	0	0	0	0	0	0	0	0	0	0	0	0	0	0	0	0	0	0	0	0	0	0	0	0	0
chr20	32031270	.	G	A	.	PASS	1	1294742	7.72355e-07	0	152308	0	1	1142434	8.75324e-07	afr	1.52013e-05	0	0	0	0	0	0	0	0	4.13087e-05	0	0	0	0	0	0	0	0	0	0	0	0	0	0	0	0	0
chr20	32031270	.	G	T	.	PASS	1	1294742	7.72355e-07	0	152308	0	1	1142434	8.75324e-07	nfe	0	0	0	0	0	1.01212e-06	0	0	0	0	0	0	0	0	1.08694e-06	0	0	0	0	0	0	0	0	0	0	0	0
chr20	32031271	.	G	A	.	EXOMES_FILTERED	0	1294678	0	0	152314	0	0	1142364	0	.	0	0	0	0	0	0	0	0	0	0	0	0	0	0	0	0	0	0	0	0	0	0	0	0	0	0	0
chr20	32031271	.	G	T	.	PASS	2	1294678	1.54479e-06	0	152314	0	2	1142364	1.75076e-06	nfe	0	0	0	0	0	2.02425e-06	0	0	0	0	0	0	0	0	2.1739e-06	0	0	0	0	0	0	0	0	0	0	0	0
chr20	32031272	.	C	A	.	EXOMES_FILTERED	0	1294600	0	0	152288	0	0	1142312	0	.	0	0	0	0	0	0	0	0	0	0	0	0	0	0	0	0	0	0	0	0	0	0	0	0	0	0	0
chr20	32031272	.	C	G	.	PASS	1	1294600	7.72439e-07	0	152288	0	1	1142312	8.75418e-07	amr	0	2.33405e-05	0	0	0	0	0	0	0	0	3.63187e-05	0	0	0	0	0	0	0	0	0	0	0	0	0	0	0	0
chr20	32031273	.	T	A	.	EXOMES_FILTERED	0	1294052	0	0	152178	0	0	1141874	0	.	0	0	0	0	0	0	0	0	0	0	0	0	0	0	0	0	0	0	0	0	0	0	0	0	0	0	0
chr20	32031273	.	T	C	.	PASS	2	1294052	1.54553e-06	0	152178	0	2	1141874	1.75151e-06	nfe	0	0	0	0	0	2.02465e-06	0	0	0	0	0	0	0	0	2.17428e-06	0	0	0	0	0	0	0	0	0	0	0	0
chr20	32031274	.	C	T	.	EXOMES_FILTERED	0	1294066	0	0	152276	0	0	1141790	0	.	0	0	0	0	0	0	0	0	0	0	0	0	0	0	0	0	0	0	0	0	0	0	0	0	0	0	0
chr20	32031275	.	C	T	.	EXOMES_FILTERED	0	1293728	0	0	152312	0	0	1141416	0	.	0	0	0	0	0	0	0	0	0	0	0	0	0	0	0	0	0	0	0	0	0	0	0	0	0	0	0
chr20	32031276	.	A	G	.	EXOMES_FILTERED	0	1292074	0	0	152094	0	0	1139980	0	.	0	0	0	0	0	0	0	0	0	0	0	0	0	0	0	0	0	0	0	0	0	0	0	0	0	0	0
chr20	32031276	.	A	T	.	EXOMES_FILTERED	0	1292074	0	0	152094	0	0	1139980	0	.	0	0	0	0	0	0	0	0	0	0	0	0	0	0	0	0	0	0	0	0	0	0	0	0	0	0	0
chr20	32031278	.	G	C	.	PASS	1	1291136	7.74512e-07	1	152304	6.56582e-06	0	1138832	0	sas	0	0	0	0	0	0	0	1.23573e-05	0	0	0	0	0	0	0	0	0	0	0	0	0	0	0	0	0	0.000207039	0
chr20	32031278	.	G	T	.	EXOMES_FILTERED	0	1291136	0	0	152304	0	0	1138832	0	.	0	0	0	0	0	0	0	0	0	0	0	0	0	0	0	0	0	0	0	0	0	0	0	0	0	0	0
chr20	32031279	.	G	T	.	PASS	2	1291448	1.54865e-06	0	152302	0	2	1139146	1.7557e-06	eas	0	0	0	5.57289e-05	0	1.01283e-06	0	0	0	0	0	0	7.82963e-05	0	1.08775e-06	0	0	0	0	0	0	0	0	0	0	0	0
chr20	32031280	.	G	A	.	PASS	1	1291140	7.74509e-07	0	152174	0	1	1138966	8.77989e-07	sas	0	0	0	0	0	0	0	1.23579e-05	0	0	0	0	0	0	0	0	1.31416e-05	0	0	0	0	0	0	0	0	0	0
chr20	32031280	.	G	T	.	EXOMES_FILTERED	0	1291140	0	0	152174	0	0	1138966	0	.	0	0	0	0	0	0	0	0	0	0	0	0	0	0	0	0	0	0	0	0	0	0	0	0	0	0	0
chr20	32031281	.	C	A	.	EXOMES_FILTERED	0	1290720	0	0	152276	0	0	1138444	0	.	0	0	0	0	0	0	0	0	0	0	0	0	0	0	0	0	0	0	0	0	0	0	0	0	0	0	0
chr20	32031281	.	C	T	.	PASS	4	1290720	3.09905e-06	0	152276	0	4	1138444	3.51357e-06	sas	0	0	0	0	0	2.02582e-06	0	2.47237e-05	0	0	0	0	0	0	2.17567e-06	0	2.62916e-05	0	0	0	0	0	0	0	0	0	0
chr20	32031282	.	G	A	.	PASS	250	1290702	0.000193693	16	152170	0.000105146	234	1138532	0.000205528	nfe	3.05521e-05	0	0	5.57165e-05	0	0.000223848	0	0	0.000599603	4.16285e-05	0	0	0	0	0.000225179	0	0	0.000630028	2.41313e-05	0	0	0.000192827	0	0.000205858	0	0	0
chr20	32031283	.	G	A	.	PASS	1	1289998	7.75195e-07	0	152148	0	1	1137850	8.7885e-07	eas	0	0	0	5.57911e-05	0	0	0	0	0	0	0	0	7.83453e-05	0	0	0	0	0	0	0	0	0	0	0	0	0	0
chr20	32031283	.	G	T	.	PASS	1	1289996	7.75196e-07	0	152148	0	1	1137848	8.78852e-07	nfe	0	0	0	0	0	1.01313e-06	0	0	0	0	0	0	0	0	1.08804e-06	0	0	0	0	0	0	0	0	0	0	0	0
chr20	32031284	.	G	T	.	EXOMES_FILTERED	0	1289704	0	0	152168	0	0	1137536	0	.	0	0	0	0	0	0	0	0	0	0	0	0	0	0	0	0	0	0	0	0	0	0	0	0	0	0	0
chr20	32031285	.	A	G	.	EXOMES_FILTERED	0	1289518	0	0	152010	0	0	1137508	0	.	0	0	0	0	0	0	0	0	0	0	0	0	0	0	0	0	0	0	0	0	0	0	0	0	0	0	0
