chrX	6534155	.	C	G	.	GENOMES_FILTERED	0	687165	0	0	100600	0	0	586565	0	.	0	0	0	0	0	0	0	0	0	0	0	0	0	0	0	0	0	0	0	0	0	0	0	0	0	0	0
chrX	6534155	.	C	T	.	BOTH_FILTERED	26	687165	3.78366e-05	5	100598	4.97028e-05	21	586567	3.58015e-05	nfe	2.68464e-05	0	6.85448e-05	3.35211e-05	0	4.69251e-05	0	0	3.35053e-05	0	0	0	0	0	4.78409e-05	0	0	3.51074e-05	4.11201e-05	0	0.000397141	0.000300842	0	3.93856e-05	0	0	0
chrX	6534156	.	G	A	.	BOTH_FILTERED	1698	582896	0.00291304	116	96655	0.00120014	1582	486241	0.00325353	nfe	0.000531573	0.00361858	0.00117397	0.00096859	0.00022518	0.0037898	0.00163132	0.000647668	0.00308383	0.000255428	0.00475015	0.00106923	0.000896057	0.000115264	0.00413563	0.00181598	0.000693809	0.00320449	0.000666722	0.00156635	0.00166251	0.00154321	0.000949668	0.00144524	0	0	0.00076864
chrX	6534156	.	G	C	.	EXOMES_FILTERED	0	595873	0	0	101078	0	0	494795	0	.	0	0	0	0	0	0	0	0	0	0	0	0	0	0	0	0	0	0	0	0	0	0	0	0	0	0	0
chrX	6534157	.	C	A	.	BOTH_FILTERED	2	560661	3.56722e-06	1	100431	9.95708e-06	1	460230	2.17283e-06	amr	0	3.97488e-05	0	0	0	2.79805e-06	0	0	0	0	0	0	0	0	3.26113e-06	0	0	0	0	0.000104844	0	0	0	0	0	0	0
chrX	6534157	.	C	T	.	BOTH_FILTERED	54	560525	9.63383e-05	10	100418	9.95837e-05	44	460107	9.56299e-05	eas	0.000254273	7.95229e-05	0	0.000319398	0	8.67584e-05	0	6.07128e-05	3.91175e-05	0.000268312	6.40369e-05	0	0.000281611	0	0.000101121	0	3.2652e-05	4.13155e-05	0.000247791	0.000104888	0	0.000602228	0	0	0	0.000431779	0
chrX	6534158	.	G	A	.	EXOMES_FILTERED	844	522157	0.00161637	142	99451	0.00142784	702	422706	0.00166073	amr	0.000229305	0.021722	0	0.00610998	0.000710101	0.000243324	0	0.000124677	0.00152401	9.24813e-05	0.028516	0	0.00609551	0.000705302	0.000251753	0	0.000134246	0.0014396	0.000290758	0.010615	0	0.00621697	0.000740329	0.00019766	0	0	0.00295203
chrX	6534158	.	G	C	.	EXOMES_FILTERED	1	529200	1.88964e-06	0	103867	0	1	425333	2.3511e-06	nfe	0	0	0	0	0	3.0642e-06	0	0	0	0	0	0	0	0	3.64179e-06	0	0	0	0	0	0	0	0	0	0	0	0
chrX	6534158	.	G	T	.	BOTH_FILTERED	11	525208	2.09441e-05	1	99883	1.00117e-05	10	425325	2.35114e-05	nfe	0	0	0	0	0	3.07482e-05	0	0	4.09618e-05	0	0	0	0	0	3.2777e-05	0	0	4.33689e-05	0	0	0	0	0	1.97476e-05	0	0	0
chrX	6534160	.	C	G	.	BOTH_FILTERED	2	512791	3.90022e-06	1	100337	9.96641e-06	1	412454	2.42451e-06	nfe	0	0	0	0	0	6.36329e-06	0	0	0	0	0	0	0	0	3.79439e-06	0	0	0	0	0	0	0	0	1.97021e-05	0	0	0
chrX	6534160	.	C	T	.	BOTH_FILTERED	0	512782	0	0	100327	0	0	412455	0	.	0	0	0	0	0	0	0	0	0	0	0	0	0	0	0	0	0	0	0	0	0	0	0	0	0	0	0
chrX	6534162	.	C	A	.	GENOMES_FILTERED	0	509282	0	0	100137	0	0	409145	0	.	0	0	0	0	0	0	0	0	0	0	0	0	0	0	0	0	0	0	0	0	0	0	0	0	0	0	0
chrX	6534162	.	C	T	.	BOTH_FILTERED	1	509280	1.96356e-06	0	100135	0	1	409145	2.44412e-06	nfe	0	0	0	0	0	3.21226e-06	0	0	0	0	0	0	0	0	3.8377e-06	0	0	0	0	0	0	0	0	0	0	0	0
chrX	6534163	.	C	T	.	BOTH_FILTERED	3	501935	5.97687e-06	1	100148	9.98522e-06	2	401787	4.97776e-06	afr	2.90141e-05	0	0	0	0	6.56551e-06	0	0	0	9.56755e-05	0	0	0	0	3.93882e-06	0	0	0	0	0	0	0	0	1.97087e-05	0	0	0
chrX	6534164	.	C	G	.	EXOMES_FILTERED	2	505947	3.95298e-06	0	105112	0	2	400835	4.98958e-06	nfe	0	0	0	0	0	6.55611e-06	0	0	0	0	0	0	0	0	7.90539e-06	0	0	0	0	0	0	0	0	0	0	0	0
chrX	6534164	.	C	T	.	EXOMES_FILTERED	1	505946	1.9765e-06	0	105112	0	1	400834	2.4948e-06	sas	0	0	0	0	0	0	0	3.13028e-05	0	0	0	0	0	0	0	0	3.40994e-05	0	0	0	0	0	0	0	0	0	0
chrX	6534166	.	C	G	.	BOTH_FILTERED	2	498423	4.01266e-06	0	100046	0	2	398377	5.02037e-06	nfe	0	0	0	0	0	6.63326e-06	0	0	0	0	0	0	0	0	7.97588e-06	0	0	0	0	0	0	0	0	0	0	0	0
chrX	6534167	.	T	A	.	EXOMES_FILTERED	0	542961	0	0	104106	0	0	438855	0	.	0	0	0	0	0	0	0	0	0	0	0	0	0	0	0	0	0	0	0	0	0	0	0	0	0	0	0
chrX	6534167	.	T	C	.	BOTH_FILTERED	84	538113	0.000156101	23	99487	0.000231186	61	438626	0.000139071	mid	0.000200063	0.000166284	0	0	2.47207e-05	0.000176505	0.000547046	0.000203791	0.000200481	0.000177525	9.69039e-05	0	0	2.85535e-05	0.000161864	0	0.000187067	0.000212017	0.000210766	0.000318134	0	0	0	0.000256963	0.00497512	0.00043956	0
chrX	6534169	.	C	A	.	EXOMES_FILTERED	7	630936	1.10946e-05	0	104387	0	7	526549	1.32941e-05	nfe	0	0	0	0	0	1.23837e-05	0	0	7.14515e-05	0	0	0	0	0	1.42138e-05	0	0	7.53125e-05	0	0	0	0	0	0	0	0	0
chrX	6534169	.	C	T	.	BOTH_FILTERED	71	625745	0.000113465	2	99576	2.00852e-05	69	526169	0.000131137	eas	0	0.00015513	0	0.00188582	0	2.23661e-05	0	0	7.16717e-05	0	0.000175477	0	0.00208639	0	2.5588e-05	0	0	7.53324e-05	0	0.000105977	0	0.000304599	0	0	0	0	0
chrX	6534170	.	G	A	.	BOTH_FILTERED	5	924836	5.40636e-06	1	99421	1.00582e-05	4	825415	4.84605e-06	sas	0	0	0	0	0	2.97138e-06	0	4.45008e-05	2.64054e-05	0	0	0	0	0	1.60657e-06	0	4.68735e-05	2.738e-05	0	0	0	0	0	1.97468e-05	0	0	0
chrX	6534170	.	G	C	.	EXOMES_FILTERED	0	929604	0	0	104177	0	0	825427	0	.	0	0	0	0	0	0	0	0	0	0	0	0	0	0	0	0	0	0	0	0	0	0	0	0	0	0	0
chrX	6534170	.	G	T	.	BOTH_FILTERED	2	924851	2.16251e-06	1	99423	1.0058e-05	1	825428	1.21149e-06	nfe	0	0	0	0	0	2.97136e-06	0	0	0	0	0	0	0	0	1.60655e-06	0	0	0	0	0	0	0	0	1.97468e-05	0	0	0
chrX	7843531	.	CG	C	.	EXOMES_FILTERED	1	1173077	8.52459e-07	0	91929	0	1	1081148	9.24943e-07	.	0	0	0	0	2.29431e-05	0	0	0	0	0	0	0	0	2.52334e-05	0	0	0	0	0	0	0	0	0	0	0	0	0
chrX	7843532	.	G	A	.	BOTH_FILTERED	241	1169028	0.000206154	11	88253	0.000124642	230	1080775	0.00021281	amr	7.6577e-05	0.000467607	0	0.000244514	6.9483e-05	0.000223672	0	1.80734e-05	0.000214943	7.6234e-05	0.00054407	0	0.000167034	7.56945e-05	0.000229152	0	1.86067e-05	0.000220158	7.69231e-05	0.000127405	0	0.00107759	0	0.000117184	0	0	0
chrX	7843532	.	G	C	.	BOTH_FILTERED	6	1169294	5.1313e-06	1	88222	1.1335e-05	5	1081072	4.62504e-06	nfe	0	0	0	0	0	6.88073e-06	0	0	0	0	0	0	0	0	6.02908e-06	0	0	0	0	0	0	0	0	2.34269e-05	0	0	0
chrX	7843533	.	T	C	.	BOTH_FILTERED	137	1168093	0.000117285	13	87282	0.000148943	124	1080811	0.000114729	nfe	0.000115482	0	0	0	0	0.000133137	0	0	0.000322789	3.81141e-05	0	0	0	0	0.000130273	0	0	0.000330346	0.000194409	0	0	0	0	0.000189331	0	0	0
chrX	7843533	.	T	TA	.	PASS	1	1168100	8.56091e-07	1	87289	1.14562e-05	0	1080811	0	.	0	0	0	0	2.32078e-05	0	0	0	0	0	0	0	0	0	0	0	0	0	0	0	0	0	0.000288517	0	0	0	0
chrX	7843534	.	A	ATT	.	EXOMES_FILTERED	1	1171295	8.53756e-07	0	90728	0	1	1080567	9.2544e-07	.	0	0	0	0	2.29943e-05	0	0	0	0	0	0	0	0	2.52347e-05	0	0	0	0	0	0	0	0	0	0	0	0	0
chrX	7843534	.	A	G	.	BOTH_FILTERED	88	1167315	7.53867e-05	18	87138	0.000206569	70	1080177	6.48042e-05	afr	0.000327339	2.34412e-05	0	6.09719e-05	0	7.00587e-05	0	7.23995e-05	6.45647e-05	0.000152724	2.86123e-05	0	6.65159e-05	0	6.8795e-05	0	5.58774e-05	6.61201e-05	0.000504992	0	0	0	0	9.48992e-05	0	0.000641026	0
chrX	7843535	.	G	C	.	EXOMES_FILTERED	0	1171445	0	0	90550	0	0	1080895	0	.	0	0	0	0	0	0	0	0	0	0	0	0	0	0	0	0	0	0	0	0	0	0	0	0	0	0	0
chrX	7843536	.	A	G	.	BOTH_FILTERED	3	1166969	2.57076e-06	1	86306	1.15867e-05	2	1080663	1.85072e-06	nfe	0	0	0	0	0	3.4456e-06	0	0	0	0	0	0	0	0	2.41285e-06	0	0	0	0	0	0	0	0	2.39355e-05	0	0	0
chrX	7843536	.	A	T	.	EXOMES_FILTERED	1	1170417	8.54396e-07	0	89751	0	1	1080666	9.25355e-07	nfe	0	0	0	0	0	1.14702e-06	0	0	0	0	0	0	0	0	1.20642e-06	0	0	0	0	0	0	0	0	0	0	0	0
chrX	7843537	.	G	C	.	BOTH_FILTERED	1	1165027	8.58349e-07	1	85386	1.17115e-05	0	1079641	0	nfe	0	0	0	0	0	1.15022e-06	0	0	0	0	0	0	0	0	0	0	0	0	0	0	0	0	0	2.42101e-05	0	0	0
chrX	7843537	.	G	GTT	.	EXOMES_FILTERED	1	1168147	8.56057e-07	0	88497	0	1	1079650	9.26226e-07	.	0	0	0	0	2.31075e-05	0	0	0	0	0	0	0	0	2.52627e-05	0	0	0	0	0	0	0	0	0	0	0	0	0
chrX	7843538	.	G	GTGT	.	EXOMES_FILTERED	1	1168232	8.55994e-07	0	88476	0	1	1079756	9.26135e-07	.	0	0	0	0	2.31102e-05	0	0	0	0	0	0	0	0	2.52646e-05	0	0	0	0	0	0	0	0	0	0	0	0	0
chrX	7843539	.	G	A	.	GENOMES_FILTERED	0	1165234	0	0	85299	0	0	1079935	0	.	0	0	0	0	0	0	0	0	0	0	0	0	0	0	0	0	0	0	0	0	0	0	0	0	0	0	0
chrX	7843541	.	G	A	.	EXOMES_FILTERED	0	1166827	0	0	87495	0	0	1079332	0	.	0	0	0	0	0	0	0	0	0	0	0	0	0	0	0	0	0	0	0	0	0	0	0	0	0	0	0
chrX	7843542	.	A	G	.	EXOMES_FILTERED	0	1166219	0	0	86962	0	0	1079257	0	.	0	0	0	0	0	0	0	0	0	0	0	0	0	0	0	0	0	0	0	0	0	0	0	0	0	0	0
chrX	7843543	.	C	A	.	BOTH_FILTERED	0	1160554	0	0	83559	0	0	1076995	0	.	0	0	0	0	0	0	0	0	0	0	0	0	0	0	0	0	0	0	0	0	0	0	0	0	0	0	0
chrX	7843543	.	C	G	.	EXOMES_FILTERED	1	1163552	8.59437e-07	0	86547	0	1	1077005	9.28501e-07	.	0	0	0	0	0	0	0	0	2.15899e-05	0	0	0	0	0	0	0	0	2.21073e-05	0	0	0	0	0	0	0	0	0
chrX	7843543	.	C	T	.	EXOMES_FILTERED	392	1157833	0.000338564	45	83511	0.000538851	347	1074322	0.000322994	amr	7.80686e-05	0.00228642	0.000144599	0.000713024	0.000588138	0.000261084	0	0	0.000390016	3.81272e-05	0.00249903	0.00015916	0.000641415	0.000585495	0.00024117	0	0	0.000398927	0.000119957	0.00127443	0	0.00151803	0.000620347	0.000667013	0	0	0
chrX	7843544	.	G	A	.	EXOMES_FILTERED	37	1162517	3.18275e-05	7	83672	8.366e-05	30	1078845	2.78075e-05	afr	7.81281e-05	2.37411e-05	4.82486e-05	6.11266e-05	0	2.8804e-05	0	3.62562e-05	4.31323e-05	3.81228e-05	2.86533e-05	5.31011e-05	6.65845e-05	0	2.53786e-05	0	3.72717e-05	4.40888e-05	0.000120159	0	0	0	0	9.8846e-05	0	0	0
chrX	7843544	.	G	C	.	EXOMES_FILTERED	1	1165987	8.57642e-07	0	86970	0	1	1079017	9.26769e-07	.	0	0	0	0	0	0	0	0	2.1529e-05	0	0	0	0	0	0	0	0	2.20395e-05	0	0	0	0	0	0	0	0	0
chrX	7843544	.	G	T	.	BOTH_FILTERED	11	1162736	9.46045e-06	6	83720	7.16675e-05	5	1079016	4.63385e-06	amr	0	0.000261109	0	0	0	0	0	0	0	0	0.00014325	0	0	0	0	0	0	0	0	0.000830565	0	0	0	0	0	0	0
chrX	7843544	.	GC	G	.	PASS	5	1165979	4.28824e-06	0	86970	0	5	1079009	4.63388e-06	nfe	0	0	0	0	0	5.75278e-06	0	0	0	0	0	0	0	0	6.04178e-06	0	0	0	0	0	0	0	0	0	0	0	0
chrX	7843545	.	C	G	.	EXOMES_FILTERED	1	1142801	8.75043e-07	0	78434	0	1	1064367	9.39526e-07	nfe	0	0	0	0	0	1.17318e-06	0	0	0	0	0	0	0	0	1.22495e-06	0	0	0	0	0	0	0	0	0	0	0	0
chrX	7843545	.	C	T	.	EXOMES_FILTERED	37770	1042693	0.0362235	1866	75493	0.0247175	35904	967200	0.0371216	amr	0.00380987	0.0640141	0.0460361	0.00302775	0.0252017	0.040854	0.024083	0.00660776	0.0350751	0.0039117	0.0682499	0.0474104	0.00271564	0.0248298	0.0410477	0.0238841	0.00663369	0.0351466	0.00370172	0.0433938	0.0319607	0.00659426	0.0297578	0.0367928	0.0275862	0.00566171	0.0318681
chrX	7843546	.	G	A	.	BOTH_FILTERED	19	1157184	1.64192e-05	3	80823	3.71181e-05	16	1076361	1.48649e-05	amr	0	2.39802e-05	0	0	0	1.85108e-05	0	1.81597e-05	2.16366e-05	0	2.86689e-05	0	0	0	1.57502e-05	0	1.86567e-05	2.20975e-05	0	0	0	0	0	7.69724e-05	0	0	0
chrX	7843546	.	G	C	.	EXOMES_FILTERED	0	1160366	0	0	83939	0	0	1076427	0	.	0	0	0	0	0	0	0	0	0	0	0	0	0	0	0	0	0	0	0	0	0	0	0	0	0	0	0
chrX	7843547	.	G	A	.	EXOMES_FILTERED	0	1160983	0	0	84092	0	0	1076891	0	.	0	0	0	0	0	0	0	0	0	0	0	0	0	0	0	0	0	0	0	0	0	0	0	0	0	0	0
chrX	7843548	.	G	A	.	EXOMES_FILTERED	2	1161263	1.72226e-06	0	84149	0	2	1077114	1.85681e-06	sas	0	0	0	0	0	0	0	3.6186e-05	0	0	0	0	0	0	0	0	3.73009e-05	0	0	0	0	0	0	0	0	0	0
chrX	7843548	.	G	T	.	BOTH_FILTERED	2	1157928	1.72722e-06	0	80803	0	2	1077125	1.85679e-06	nfe	0	0	0	0	0	2.31222e-06	0	0	0	0	0	0	0	0	2.42127e-06	0	0	0	0	0	0	0	0	0	0	0	0
chrX	8170300	.	C	A	.	GENOMES_FILTERED	1	1020372	9.80035e-07	1	59149	1.69065e-05	0	961223	0	.	0	0	0	0	2.55552e-05	0	0	0	0	0	0	0	0	0	0	0	0	0	0	0	0	0	0.000382263	0	0	0	0
chrX	8170300	.	C	T	.	BOTH_FILTERED	3	1020372	2.9401e-06	1	59149	1.69065e-05	2	961223	2.08068e-06	sas	0	0	0	0	0	2.60626e-06	0	2.07254e-05	0	0	0	0	0	0	2.71803e-06	0	0	0	0	0	0	0	0	0	0	0.00110865	0
chrX	8170301	.	C	G	.	EXOMES_FILTERED	5	1027050	4.86831e-06	0	64937	0	5	962113	5.19689e-06	sas	0	0	0	3.32956e-05	0	2.59647e-06	0	4.11836e-05	0	0	0	0	3.54484e-05	0	2.71523e-06	0	4.21772e-05	0	0	0	0	0	0	0	0	0	0
chrX	8170301	.	C	T	.	BOTH_FILTERED	8	1021180	7.83407e-06	1	59070	1.69291e-05	7	962110	7.27568e-06	amr	0	0.000120406	0	0	0	3.90566e-06	0	2.06949e-05	0	0	0.000105141	0	0	0	4.07286e-06	0	2.1089e-05	0	0	0.000213311	0	0	0	0	0	0	0
chrX	8170301	.	CG	C	.	EXOMES_FILTERED	0	1027047	0	0	64937	0	0	962110	0	.	0	0	0	0	0	0	0	0	0	0	0	0	0	0	0	0	0	0	0	0	0	0	0	0	0	0	0
chrX	8170302	.	G	A	.	BOTH_FILTERED	84272	992601	0.0849002	3429	56852	0.0603145	80843	935749	0.0863939	amr	0.0129104	0.139892	0.10188	0.016199	0.0792827	0.0922772	0.0759301	0.0304294	0.0852418	0.0124957	0.146481	0.10272	0.0153923	0.0805405	0.0929031	0.0760095	0.0304454	0.0854544	0.0135688	0.0989383	0.0933333	0.0305344	0.0616601	0.0773613	0.0740741	0.0295791	0.0720859
chrX	8170302	.	G	C	.	EXOMES_FILTERED	6	1017513	5.89673e-06	0	62502	0	6	955011	6.28265e-06	nfe	0	0	0	0	2.53556e-05	6.54912e-06	0	0	0	0	0	0	0	2.76373e-05	6.83602e-06	0	0	0	0	0	0	0	0	0	0	0	0
chrX	8170303	.	C	A	.	BOTH_FILTERED	2	1013536	1.97329e-06	0	57805	0	2	955731	2.09264e-06	amr	0	6.20097e-05	0	0	0	0	0	0	0	0	7.22022e-05	0	0	0	0	0	0	0	0	0	0	0	0	0	0	0	0
chrX	8170303	.	C	G	.	EXOMES_FILTERED	1	1019351	9.81016e-07	0	63617	0	1	955734	1.04632e-06	.	0	0	0	0	0	0	0	0	2.38652e-05	0	0	0	0	0	0	0	0	2.42948e-05	0	0	0	0	0	0	0	0	0
chrX	8170303	.	C	T	.	BOTH_FILTERED	79	1013511	7.79469e-05	1	57799	1.73013e-05	78	955712	8.16145e-05	mid	2.63838e-05	0	0	3.39997e-05	0	9.68966e-05	0.000371609	4.19349e-05	0	0	0	0	3.59402e-05	0	0.000100966	0.000389712	4.27341e-05	0	6.83948e-05	0	0	0	0	0	0	0	0
chrX	8170304	.	G	A	.	GENOMES_FILTERED	57	1008235	5.65344e-05	5	57179	8.74447e-05	52	951056	5.46761e-05	eas	0	0.000535652	0	0.000549904	2.59222e-05	2.3669e-05	0.000374392	2.11645e-05	7.20755e-05	0	0.000513573	0	0.000581332	2.774e-05	2.19173e-05	0.00039093	2.15647e-05	7.32404e-05	0	0.000670092	0	0	0	6.5634e-05	0	0	0
chrX	8170304	.	G	C	.	PASS	1	1013759	9.86428e-07	0	62678	0	1	951081	1.05144e-06	amr	0	3.08718e-05	0	0	0	0	0	0	0	0	3.66757e-05	0	0	0	0	0	0	0	0	0	0	0	0	0	0	0	0
chrX	8170305	.	T	C	.	GENOMES_FILTERED	0	1004372	0	0	56213	0	0	948159	0	.	0	0	0	0	0	0	0	0	0	0	0	0	0	0	0	0	0	0	0	0	0	0	0	0	0	0	0
chrX	8170305	.	T	G	.	EXOMES_FILTERED	1	1009788	9.90307e-07	0	61629	0	1	948159	1.05468e-06	nfe	0	0	0	0	0	1.31493e-06	0	0	0	0	0	0	0	0	1.37276e-06	0	0	0	0	0	0	0	0	0	0	0	0
chrX	8170306	.	C	A	.	BOTH_FILTERED	0	1001099	0	0	56935	0	0	944164	0	.	0	0	0	0	0	0	0	0	0	0	0	0	0	0	0	0	0	0	0	0	0	0	0	0	0	0	0
chrX	8170306	.	C	G	.	EXOMES_FILTERED	0	1006681	0	0	62517	0	0	944164	0	.	0	0	0	0	0	0	0	0	0	0	0	0	0	0	0	0	0	0	0	0	0	0	0	0	0	0	0
chrX	8170308	.	C	T	.	BOTH_FILTERED	1	995585	1.00443e-06	0	56451	0	1	939134	1.06481e-06	afr	2.70885e-05	0	0	0	0	0	0	0	0	4.39696e-05	0	0	0	0	0	0	0	0	0	0	0	0	0	0	0	0	0
chrX	8170309	.	C	G	.	EXOMES_FILTERED	0	984022	0	0	61552	0	0	922470	0	.	0	0	0	0	0	0	0	0	0	0	0	0	0	0	0	0	0	0	0	0	0	0	0	0	0	0	0
chrX	8170309	.	C	T	.	EXOMES_FILTERED	2	984022	2.03247e-06	0	61552	0	2	922470	2.16809e-06	nfe	0	0	0	0	0	2.70506e-06	0	0	0	0	0	0	0	0	2.82723e-06	0	0	0	0	0	0	0	0	0	0	0	0
chrX	8170310	.	C	A	.	PASS	1	981420	1.01893e-06	0	61371	0	1	920049	1.0869e-06	nfe	0	0	0	0	0	1.3561e-06	0	0	0	0	0	0	0	0	1.41733e-06	0	0	0	0	0	0	0	0	0	0	0	0
chrX	8170310	.	C	G	.	EXOMES_FILTERED	4	976114	4.09788e-06	1	56064	1.78368e-05	3	920050	3.26069e-06	nfe	0	0	0	0	0	5.43863e-06	0	0	0	0	0	0	0	0	4.252e-06	0	0	0	0	0	0	0	0	3.34135e-05	0	0	0
chrX	8170310	.	C	T	.	GENOMES_FILTERED	0	976112	0	0	56064	0	0	920048	0	.	0	0	0	0	0	0	0	0	0	0	0	0	0	0	0	0	0	0	0	0	0	0	0	0	0	0	0
chrX	8170311	.	T	A	.	EXOMES_FILTERED	1	981407	1.01895e-06	0	60600	0	1	920807	1.086e-06	nfe	0	0	0	0	0	1.35551e-06	0	0	0	0	0	0	0	0	1.41601e-06	0	0	0	0	0	0	0	0	0	0	0	0
chrX	8170311	.	T	C	.	EXOMES_FILTERED	5	976185	5.12198e-06	1	55377	1.8058e-05	4	920808	4.34401e-06	nfe	0	0	0	0	0	6.79498e-06	0	0	0	0	0	0	0	0	5.66404e-06	0	0	0	0	0	0	0	0	3.3753e-05	0	0	0
chrX	8170312	.	C	G	.	EXOMES_FILTERED	1	972934	1.02782e-06	0	60547	0	1	912387	1.09603e-06	nfe	0	0	0	0	0	1.36823e-06	0	0	0	0	0	0	0	0	1.42994e-06	0	0	0	0	0	0	0	0	0	0	0	0
chrX	8170313	.	T	A	.	EXOMES_FILTERED	0	973831	0	0	59662	0	0	914169	0	.	0	0	0	0	0	0	0	0	0	0	0	0	0	0	0	0	0	0	0	0	0	0	0	0	0	0	0
chrX	8170313	.	T	C	.	BOTH_FILTERED	217	968797	0.000223989	7	54674	0.000128032	210	914123	0.000229728	afr	0.000252016	0.00013077	0	0.000245614	2.6528e-05	0.000231693	0	0.000175913	0.000471464	0.000271027	0.000151941	0	0.000222403	2.83688e-05	0.00023711	0	0.000179272	0.00047906	0.000221011	0	0	0.00065703	0	0.000102337	0	0	0
chrX	8170314	.	A	C	.	EXOMES_FILTERED	0	976959	0	0	59132	0	0	917827	0	.	0	0	0	0	0	0	0	0	0	0	0	0	0	0	0	0	0	0	0	0	0	0	0	0	0	0	0
chrX	8170314	.	A	G	.	BOTH_FILTERED	209	971919	0.000215038	9	54103	0.000166349	200	917816	0.000217909	nfe	8.4272e-05	0	0	0	2.6509e-05	0.000251361	0	0	0.000518993	4.4964e-05	0	0	0	2.8311e-05	0.000251811	0	0	0.000527069	0.000149712	0	0	0	0	0.0002405	0	0	0
chrX	8170315	.	C	G	.	PASS	10	974625	1.02604e-05	1	54597	1.8316e-05	9	920028	9.78231e-06	nfe	0	0	0	0	0	1.36234e-05	0	0	0	0	0	0	0	0	1.2771e-05	0	0	0	0	0	0	0	0	3.41134e-05	0	0	0
chrX	8170315	.	C	T	.	BOTH_FILTERED	33	974578	3.38608e-05	4	54580	7.32869e-05	29	919998	3.15218e-05	amr	8.36937e-05	9.7972e-05	0	0	0	2.72475e-05	0	8.71517e-05	7.39062e-05	4.48149e-05	7.57892e-05	0	0	0	2.69615e-05	0	8.87804e-05	7.51051e-05	0.000147809	0.000236295	0	0	0	3.41239e-05	0	0	0
chrX	8170316	.	G	A	.	GENOMES_FILTERED	11	981273	1.12099e-05	0	54050	0	11	927223	1.18634e-05	eas	0	3.26286e-05	0	0.000104127	0	9.45937e-06	0	0	0	0	3.78158e-05	0	0.000109894	0	9.8458e-06	0	0	0	0	0	0	0	0	0	0	0	0
chrX	8170316	.	G	T	.	EXOMES_FILTERED	0	986285	0	0	59054	0	0	927231	0	.	0	0	0	0	0	0	0	0	0	0	0	0	0	0	0	0	0	0	0	0	0	0	0	0	0	0	0
chrX	8170317	.	A	T	.	PASS	2	988363	2.02355e-06	2	52566	3.80474e-05	0	935797	0	afr	5.62003e-05	0	0	0	0	0	0	0	0	0	0	0	0	0	0	0	0	0	0.000155666	0	0	0	0	0	0	0	0
chrX	8465779	.	G	A	.	BOTH_FILTERED	21	930810	2.2561e-05	3	73801	4.06499e-05	18	857009	2.10033e-05	amr	2.19044e-05	0.000134698	0	0.000129706	7.82575e-05	1.18625e-05	0	0	0	4.47207e-05	0.000130162	0	0.000138725	5.55586e-05	1.09555e-05	0	0	0	0	0.000156519	0	0	0.000427899	2.82103e-05	0	0	0
chrX	8465779	.	G	C	.	BOTH_FILTERED	0	930964	0	0	73804	0	0	857160	0	.	0	0	0	0	0	0	0	0	0	0	0	0	0	0	0	0	0	0	0	0	0	0	0	0	0	0	0
chrX	8465779	.	G	T	.	EXOMES_FILTERED	4	935455	4.27599e-06	0	78300	0	4	857155	4.6666e-06	nfe	0	0	0	0	2.57865e-05	2.95785e-06	0	0	2.57433e-05	0	0	0	0	2.77785e-05	3.13011e-06	0	0	2.64571e-05	0	0	0	0	0	0	0	0	0
chrX	8465780	.	T	C	.	BOTH_FILTERED	6	929321	6.45633e-06	4	72562	5.51253e-05	2	856759	2.33438e-06	nfe	0	0	0	0	0	8.91365e-06	0	0	0	0	0	0	0	0	3.13403e-06	0	0	0	0	0	0	0	0	0.000114387	0	0	0
chrX	8465781	.	A	G	.	BOTH_FILTERED	191	937220	0.000203794	16	73803	0.000216793	175	863417	0.000202683	afr	0.000328012	0.000106909	0	0.000224856	2.5995e-05	0.000213395	0	0.000132535	0.000333325	0.000177336	6.44496e-05	0	0.000240409	2.76801e-05	0.000220526	0	0.000135196	0.000341889	0.00047467	0.000313332	0	0	0	8.43218e-05	0	0	0
chrX	8465782	.	G	C	.	EXOMES_FILTERED	1	949648	1.05302e-06	0	79102	0	1	870546	1.1487e-06	nfe	0	0	0	0	0	1.45453e-06	0	0	0	0	0	0	0	0	1.53899e-06	0	0	0	0	0	0	0	0	0	0	0	0
chrX	8465783	.	A	G	.	GENOMES_FILTERED	2	959412	2.08461e-06	2	73826	2.70907e-05	0	885586	0	nfe	0	0	0	0	0	2.86152e-06	0	0	0	0	0	0	0	0	0	0	0	0	0	0	0	0	0	5.6079e-05	0	0	0
chrX	8465784	.	G	A	.	EXOMES_FILTERED	1	978675	1.02179e-06	0	78530	0	1	900145	1.11093e-06	nfe	0	0	0	0	0	1.40582e-06	0	0	0	0	0	0	0	0	1.48438e-06	0	0	0	0	0	0	0	0	0	0	0	0
chrX	8465784	.	G	C	.	EXOMES_FILTERED	0	978670	0	0	78530	0	0	900140	0	.	0	0	0	0	0	0	0	0	0	0	0	0	0	0	0	0	0	0	0	0	0	0	0	0	0	0	0
chrX	8465785	.	G	A	.	EXOMES_FILTERED	0	987359	0	0	78631	0	0	908728	0	.	0	0	0	0	0	0	0	0	0	0	0	0	0	0	0	0	0	0	0	0	0	0	0	0	0	0	0
chrX	8465786	.	G	A	.	GENOMES_FILTERED	1	988170	1.01197e-06	1	74234	1.34709e-05	0	913936	0	nfe	0	0	0	0	0	1.38578e-06	0	0	0	0	0	0	0	0	0	0	0	0	0	0	0	0	0	2.77816e-05	0	0	0
chrX	8465786	.	G	C	.	EXOMES_FILTERED	1	992732	1.00732e-06	0	78795	0	1	913937	1.09417e-06	nfe	0	0	0	0	0	1.38229e-06	0	0	0	0	0	0	0	0	1.45853e-06	0	0	0	0	0	0	0	0	0	0	0	0
chrX	8465786	.	G	T	.	GENOMES_FILTERED	0	988170	0	0	74234	0	0	913936	0	.	0	0	0	0	0	0	0	0	0	0	0	0	0	0	0	0	0	0	0	0	0	0	0	0	0	0	0
chrX	8465787	.	A	G	.	GENOMES_FILTERED	0	991128	0	0	73942	0	0	917186	0	.	0	0	0	0	0	0	0	0	0	0	0	0	0	0	0	0	0	0	0	0	0	0	0	0	0	0	0
chrX	8465789	.	A	G	.	EXOMES_FILTERED	1	1013356	9.8682e-07	0	78177	0	1	935179	1.06931e-06	sas	0	0	0	0	0	0	0	2.06928e-05	0	0	0	0	0	0	0	0	2.11672e-05	0	0	0	0	0	0	0	0	0	0
chrX	8465790	.	C	A	.	EXOMES_FILTERED	0	1016306	0	0	78002	0	0	938304	0	.	0	0	0	0	0	0	0	0	0	0	0	0	0	0	0	0	0	0	0	0	0	0	0	0	0	0	0
chrX	8465790	.	C	G	.	EXOMES_FILTERED	1	1016296	9.83965e-07	0	78002	0	1	938294	1.06576e-06	nfe	0	0	0	0	0	1.34191e-06	0	0	0	0	0	0	0	0	1.41355e-06	0	0	0	0	0	0	0	0	0	0	0	0
chrX	8465790	.	C	T	.	BOTH_FILTERED	1298	1009782	0.00128543	136	73813	0.00184249	1162	935969	0.00124149	amr	0.000358453	0.00152431	0.00010744	0.000611404	0.00197203	0.00142868	0.00037679	6.20732e-05	0.00144554	0.000122155	0.00132479	0.000119282	0.000550017	0.00179646	0.00137273	0.00040016	6.32671e-05	0.00145507	0.000612236	0.00256082	0	0.00151057	0.0047681	0.0025242	0	0	0.00104275
chrX	8465791	.	G	A	.	BOTH_FILTERED	98	1019503	9.61253e-05	7	74705	9.37019e-05	91	944798	9.63169e-05	eas	0	5.02248e-05	5.3559e-05	0.000379087	0	0.00010282	0	4.12218e-05	9.5568e-05	0	2.99787e-05	5.94778e-05	0.000405351	0	9.96543e-05	0	4.20239e-05	9.78498e-05	0	0.000154703	0	0	0	0.000164763	0	0	0
chrX	8465791	.	G	C	.	EXOMES_FILTERED	3	1024343	2.92871e-06	0	79388	0	3	944955	3.17475e-06	nfe	0	0	0	0	0	3.99515e-06	0	0	0	0	0	0	0	0	4.21005e-06	0	0	0	0	0	0	0	0	0	0	0	0
chrX	8465791	.	G	T	.	EXOMES_FILTERED	2	1024345	1.95247e-06	0	79388	0	2	944957	2.1165e-06	nfe	0	0	0	0	0	2.66343e-06	0	0	0	0	0	0	0	0	2.8067e-06	0	0	0	0	0	0	0	0	0	0	0	0
chrX	8465792	.	C	A	.	EXOMES_FILTERED	3	1012052	2.96427e-06	0	73591	0	3	938461	3.19672e-06	afr	2.07091e-05	0	0	0	0	2.69357e-06	0	0	0	4.05088e-05	0	0	0	0	2.82696e-06	0	0	0	0	0	0	0	0	0	0	0	0
chrX	8465792	.	C	G	.	EXOMES_FILTERED	0	1012049	0	0	73591	0	0	938458	0	.	0	0	0	0	0	0	0	0	0	0	0	0	0	0	0	0	0	0	0	0	0	0	0	0	0	0	0
chrX	8465792	.	C	T	.	EXOMES_FILTERED	65304	949552	0.0687735	4104	69616	0.058952	61200	879936	0.0695505	amr	0.00853333	0.0932091	0.0749349	0.00790692	0.0619467	0.0785694	0.0475423	0.0157359	0.0615821	0.00693248	0.0945095	0.0722124	0.00693777	0.0625163	0.0781251	0.0482494	0.0154736	0.0613609	0.010268	0.0863865	0.0994671	0.0220441	0.0527059	0.0873638	0.0357143	0.0293785	0.0710259
chrX	8465793	.	G	A	.	EXOMES_FILTERED	21	1020316	2.05819e-05	4	75029	5.33127e-05	17	945287	1.7984e-05	eas	2.10194e-05	0	0	3.15806e-05	0	2.26974e-05	0	2.0555e-05	2.38607e-05	0	0	0	3.37826e-05	0	1.96573e-05	0	2.0971e-05	2.44159e-05	4.38404e-05	0	0	0	0	8.15616e-05	0	0	0
chrX	8465793	.	G	C	.	EXOMES_FILTERED	0	1024847	0	0	79496	0	0	945351	0	.	0	0	0	0	0	0	0	0	0	0	0	0	0	0	0	0	0	0	0	0	0	0	0	0	0	0	0
chrX	8465794	.	G	A	.	EXOMES_FILTERED	1	1030255	9.70633e-07	0	79916	0	1	950339	1.05226e-06	nfe	0	0	0	0	0	1.32383e-06	0	0	0	0	0	0	0	0	1.39552e-06	0	0	0	0	0	0	0	0	0	0	0	0
chrX	8465795	.	G	A	.	EXOMES_FILTERED	1	1035487	9.65729e-07	0	80219	0	1	955268	1.04683e-06	nfe	0	0	0	0	0	1.31615e-06	0	0	0	0	0	0	0	0	1.38736e-06	0	0	0	0	0	0	0	0	0	0	0	0
chrX	8465795	.	G	C	.	EXOMES_FILTERED	0	1035484	0	0	80219	0	0	955265	0	.	0	0	0	0	0	0	0	0	0	0	0	0	0	0	0	0	0	0	0	0	0	0	0	0	0	0	0
chrX	8465795	.	G	T	.	EXOMES_FILTERED	1	1035486	9.6573e-07	0	80219	0	1	955267	1.04683e-06	nfe	0	0	0	0	0	1.31615e-06	0	0	0	0	0	0	0	0	1.38736e-06	0	0	0	0	0	0	0	0	0	0	0	0
chrX	10109780	.	T	C	.	PASS	2	1205519	1.65904e-06	0	111885	0	2	1093634	1.82877e-06	sas	0	0	0	0	0	0	0	3.53451e-05	0	0	0	0	0	0	0	0	3.71595e-05	0	0	0	0	0	0	0	0	0	0
chrX	10109780	.	T	G	.	GENOMES_FILTERED	0	1203447	0	0	109815	0	0	1093632	0	.	0	0	0	0	0	0	0	0	0	0	0	0	0	0	0	0	0	0	0	0	0	0	0	0	0	0	0
chrX	10109781	.	C	A	.	PASS	1	1207657	8.2805e-07	0	113086	0	1	1094571	9.136e-07	amr	0	2.18288e-05	0	0	0	0	0	0	0	0	2.85282e-05	0	0	0	0	0	0	0	0	0	0	0	0	0	0	0	0
chrX	10109781	.	C	T	.	PASS	19	1205431	1.5762e-05	3	110858	2.70616e-05	16	1094573	1.46176e-05	afr	7.04511e-05	4.39957e-05	0	5.95203e-05	0	1.23187e-05	0	0	0	0.000113986	2.85282e-05	0	3.32027e-05	0	1.30958e-05	0	0	0	3.28321e-05	9.60984e-05	0	0.000287026	0	0	0	0	0
chrX	10109782	.	G	A	.	PASS	23	1207650	1.90453e-05	0	113034	0	23	1094616	2.10119e-05	eas	0	2.18345e-05	0	2.97036e-05	0	2.1269e-05	0	1.76159e-05	2.10677e-05	0	2.85413e-05	0	3.32105e-05	0	2.26194e-05	0	1.85467e-05	2.1778e-05	0	0	0	0	0	0	0	0	0
chrX	10109786	.	A	G	.	PASS	3	1208667	2.48207e-06	0	113279	0	3	1095388	2.73876e-06	nfe	0	0	0	0	0	3.35632e-06	0	0	0	0	0	0	0	0	3.56944e-06	0	0	0	0	0	0	0	0	0	0	0	0
chrX	10109796	.	G	A	.	EXOMES_FILTERED	0	1208896	0	0	113355	0	0	1095541	0	.	0	0	0	0	0	0	0	0	0	0	0	0	0	0	0	0	0	0	0	0	0	0	0	0	0	0	0
chrX	10109797	.	C	A	.	EXOMES_FILTERED	0	1209058	0	0	113354	0	0	1095704	0	.	0	0	0	0	0	0	0	0	0	0	0	0	0	0	0	0	0	0	0	0	0	0	0	0	0	0	0
chrX	10109802	.	G	C	.	PASS	4	1207026	3.31393e-06	3	110724	2.70944e-05	1	1096302	9.12157e-07	afr	3.52584e-05	2.19573e-05	0	0	0	1.11855e-06	0	0	0	3.7919e-05	0	0	0	0	0	0	0	0	3.29468e-05	9.61908e-05	0	0	0	1.88929e-05	0	0	0
chrX	10109806	.	C	T	.	PASS	9	1207456	7.45369e-06	2	110901	1.80341e-05	7	1096555	6.38363e-06	sas	1.76038e-05	0	0	0	0	6.70953e-06	0	1.76267e-05	2.1046e-05	3.79147e-05	0	0	0	0	4.75463e-06	0	1.84942e-05	2.17306e-05	0	0	0	0	0	3.77615e-05	0	0	0
chrX	10109807	.	G	A	.	PASS	815	1207327	0.000675045	417	110751	0.0037652	398	1096576	0.000362948	afr	0.0130103	0.000351008	0	0	0	1.00653e-05	0.000690926	5.28774e-05	0.000946651	0.0126227	0.00031274	0	0	0	8.32074e-06	0.00072692	3.69802e-05	0.000912667	0.0133465	0.000480307	0	0	0	3.78136e-05	0	0.000377074	0.00197759
chrX	10109808	.	G	A	.	PASS	21	1207409	1.73926e-05	10	110876	9.01908e-05	11	1096533	1.00316e-05	afr	0.000351834	0	0	0	0	0	0	0	2.10367e-05	0.00037919	0	0	0	0	0	0	0	2.17311e-05	0.000328159	0	0	0	0	0	0	0	0
chrX	10109814	.	C	A	.	EXOMES_FILTERED	0	1210470	0	0	113301	0	0	1097169	0	.	0	0	0	0	0	0	0	0	0	0	0	0	0	0	0	0	0	0	0	0	0	0	0	0	0	0	0
chrX	10109816	.	A	G	.	PASS	4	1210289	3.305e-06	0	113045	0	4	1097244	3.6455e-06	sas	0	0	0	0	0	1.11729e-06	0	5.26732e-05	0	0	0	0	0	0	1.188e-06	0	5.54303e-05	0	0	0	0	0	0	0	0	0	0
chrX	10109817	.	T	A	.	PASS	2	1207701	1.65604e-06	2	110507	1.80984e-05	0	1097194	0	amr	0	2.19438e-05	0	0	0	0	0	0	2.10283e-05	0	0	0	0	0	0	0	0	0	0	9.62742e-05	0	0	0	0	0	0	0.000669792
chrX	10109820	.	G	A	.	PASS	31	1208485	2.5652e-05	6	110837	5.41335e-05	25	1097648	2.2776e-05	amr	1.76019e-05	0.000657433	0	0	0	0	0	0	0	0	0.000710167	0	0	0	0	0	0	0	3.2885e-05	0.000479432	0	0	0	0	0	0	0
chrX	10109820	.	G	C	.	PASS	1	1210834	8.25877e-07	0	113186	0	1	1097648	9.11039e-07	eas	0	0	0	2.96086e-05	0	0	0	0	0	0	0	0	3.3106e-05	0	0	0	0	0	0	0	0	0	0	0	0	0	0
chrX	10109822	.	C	G	.	PASS	8	1208347	6.62061e-06	4	110706	3.61317e-05	4	1097641	3.64418e-06	amr	0	0.000175423	0	0	0	0	0	0	0	0	0.000113627	0	0	0	0	0	0	0	0	0.000384578	0	0	0	0	0	0	0
chrX	10109825	.	G	A	.	EXOMES_FILTERED	0	1210297	0	0	112642	0	0	1097655	0	.	0	0	0	0	0	0	0	0	0	0	0	0	0	0	0	0	0	0	0	0	0	0	0	0	0	0	0
chrX	47223602	.	C	A	.	PASS	2	1209677	1.65333e-06	2	112008	1.78559e-05	0	1097669	0	sas	0	0	0	0	0	0	0	3.52082e-05	0	0	0	0	0	0	0	0	0	0	0	0	0	0	0	0	0	0.000734484	0
chrX	47223602	.	C	G	.	EXOMES_FILTERED	1	1211159	8.25655e-07	0	113490	0	1	1097669	9.11021e-07	nfe	0	0	0	0	0	1.11719e-06	0	0	0	0	0	0	0	0	1.18801e-06	0	0	0	0	0	0	0	0	0	0	0	0
chrX	47223604	.	G	A	.	PASS	17	1209714	1.40529e-05	1	111959	8.93184e-06	16	1097755	1.45752e-05	eas	0	4.36338e-05	0	0.000177867	0	6.70476e-06	0	5.28011e-05	0	0	5.68359e-05	0	0.000165623	0	7.12752e-06	0	5.5458e-05	0	0	0	0	0.000282167	0	0	0	0	0
chrX	47223607	.	G	A	.	EXOMES_FILTERED	3	1211720	2.47582e-06	0	113807	0	3	1097913	2.73246e-06	nfe	0	0	0	0	0	3.35074e-06	0	0	0	0	0	0	0	0	3.56333e-06	0	0	0	0	0	0	0	0	0	0	0	0
chrX	47223609	.	G	A	.	PASS	2	1211597	1.65071e-06	0	113764	0	2	1097833	1.82177e-06	afr	3.45919e-05	0	0	0	0	0	0	0	0	7.57633e-05	0	0	0	0	0	0	0	0	0	0	0	0	0	0	0	0	0
chrX	47223613	.	G	A	.	PASS	9	1209887	7.43871e-06	2	112044	1.78501e-05	7	1097843	6.37614e-06	mid	3.49473e-05	0	0	0	0	3.35212e-06	0.000459559	0	4.20036e-05	3.78874e-05	0	0	0	0	2.37569e-06	0.000483559	0	4.33971e-05	3.24307e-05	0	0	0	0	1.88345e-05	0	0	0
chrX	47223616	.	G	A	.	PASS	1	1211545	8.25392e-07	0	113738	0	1	1097807	9.10907e-07	nfe	0	0	0	0	0	1.11704e-06	0	0	0	0	0	0	0	0	1.18791e-06	0	0	0	0	0	0	0	0	0	0	0	0
chrX	47223616	.	G	T	.	PASS	1	1209832	8.26561e-07	1	112025	8.92658e-06	0	1097807	0	eas	0	0	0	2.96226e-05	0	0	0	0	0	0	0	0	0	0	0	0	0	0	0	0	0	0.00028082	0	0	0	0	0
chrX	47566992	.	G	A	.	PASS	6	1211646	4.95194e-06	0	113899	0	6	1097747	5.46574e-06	nfe	0	0	0	0	0	6.70064e-06	0	0	0	0	0	0	0	0	7.12605e-06	0	0	0	0	0	0	0	0	0	0	0	0
chrX	47566995	.	G	A	.	PASS	1	1211663	8.25312e-07	0	113958	0	1	1097705	9.10992e-07	afr	1.72688e-05	0	0	0	0	0	0	0	0	3.78788e-05	0	0	0	0	0	0	0	0	0	0	0	0	0	0	0	0	0
chrX	47567002	.	A	G	.	PASS	4	1211339	3.30213e-06	0	113543	0	4	1097796	3.64366e-06	sas	0	0	0	0	0	0	0	7.01804e-05	0	0	0	0	0	0	0	0	7.39044e-05	0	0	0	0	0	0	0	0	0	0
chrX	47567004	.	G	A	.	PASS	2	1211764	1.65049e-06	0	113985	0	2	1097779	1.82186e-06	nfe	0	0	0	0	0	1.11674e-06	0	0	2.09864e-05	0	0	0	0	0	1.18767e-06	0	0	2.16972e-05	0	0	0	0	0	0	0	0	0
chrX	47567004	.	G	T	.	PASS	1	1211764	8.25243e-07	0	113985	0	1	1097779	9.1093e-07	nfe	0	0	0	0	0	1.11674e-06	0	0	0	0	0	0	0	0	1.18767e-06	0	0	0	0	0	0	0	0	0	0	0	0
chrX	47567006	.	A	G	.	PASS	1	1211662	8.25313e-07	0	113844	0	1	1097818	9.10898e-07	sas	0	0	0	0	0	0	0	1.75411e-05	0	0	0	0	0	0	0	0	1.84754e-05	0	0	0	0	0	0	0	0	0	0
chrX	47567007	.	G	C	.	PASS	1	1211811	8.25211e-07	0	114065	0	1	1097746	9.10958e-07	nfe	0	0	0	0	0	1.11673e-06	0	0	0	0	0	0	0	0	1.18769e-06	0	0	0	0	0	0	0	0	0	0	0	0
chrX	47567008	.	T	G	.	PASS	1	1211495	8.25426e-07	0	113716	0	1	1097779	9.1093e-07	nfe	0	0	0	0	0	1.11681e-06	0	0	0	0	0	0	0	0	1.18769e-06	0	0	0	0	0	0	0	0	0	0	0	0
chrX	47567013	.	G	A	.	PASS	1	1211400	8.25491e-07	0	113736	0	1	1097664	9.11026e-07	sas	0	0	0	0	0	0	0	1.75556e-05	0	0	0	0	0	0	0	0	1.84826e-05	0	0	0	0	0	0	0	0	0	0
chrX	47567015	.	A	C	.	PASS	1	1210479	8.26119e-07	0	112970	0	1	1097509	9.11154e-07	nfe	0	0	0	0	0	1.11727e-06	0	0	0	0	0	0	0	0	1.18782e-06	0	0	0	0	0	0	0	0	0	0	0	0
chrX	47567016	.	C	A	.	PASS	8	1211210	6.60497e-06	0	113812	0	8	1097398	7.28997e-06	nfe	0	0	0	0	0	8.93632e-06	0	0	0	0	0	0	0	0	9.50349e-06	0	0	0	0	0	0	0	0	0	0	0	0
chrX	47567017	.	C	T	.	PASS	3	1211535	2.4762e-06	0	113814	0	3	1097721	2.73293e-06	sas	0	0	0	0	0	0	0	5.2639e-05	0	0	0	0	0	0	0	0	5.54334e-05	0	0	0	0	0	0	0	0	0	0
chrX	47567019	.	C	T	.	PASS	7	1211649	5.77725e-06	0	113848	0	7	1097801	6.37638e-06	sas	1.72903e-05	0	0	0	0	2.23354e-06	0	7.01914e-05	0	3.78817e-05	0	0	0	0	2.37526e-06	0	7.39249e-05	0	0	0	0	0	0	0	0	0	0
chrX	47567021	.	C	T	.	PASS	17	1209949	1.40502e-05	5	112251	4.4543e-05	12	1097698	1.0932e-05	afr	0.000104811	2.18169e-05	0	2.96033e-05	0	5.58561e-06	0	7.03816e-05	0	3.78831e-05	2.84301e-05	0	3.31159e-05	0	5.93846e-06	0	7.39303e-05	0	0.00016208	0	0	0	0	0	0	0	0
chrX	47567021	.	CG	C	.	PASS	1	1211573	8.25373e-07	0	113877	0	1	1097696	9.10999e-07	eas	0	0	0	2.95412e-05	0	0	0	0	0	0	0	0	3.31159e-05	0	0	0	0	0	0	0	0	0	0	0	0	0	0
chrX	47567022	.	G	A	.	PASS	9	1211471	7.42899e-06	0	113807	0	9	1097664	8.19923e-06	afr	3.45775e-05	0	0	2.95526e-05	0	5.58422e-06	0	1.75445e-05	0	7.57604e-05	0	0	3.31246e-05	0	5.93852e-06	0	1.84805e-05	0	0	0	0	0	0	0	0	0	0
chrX	47567023	.	G	A	.	PASS	1	1211724	8.2527e-07	0	113864	0	1	1097860	9.10863e-07	nfe	0	0	0	0	0	1.11672e-06	0	0	0	0	0	0	0	0	1.18759e-06	0	0	0	0	0	0	0	0	0	0	0	0
chrX	47567023	.	G	T	.	PASS	9	1210052	7.4377e-06	1	112193	8.91321e-06	8	1097859	7.28691e-06	nfe	0	0	0	0	0	1.00533e-05	0	0	0	0	0	0	0	0	9.50076e-06	0	0	0	0	0	0	0	0	1.88005e-05	0	0	0
chrX	47567024	.	G	A	.	PASS	1	1211682	8.25299e-07	0	113824	0	1	1097858	9.10865e-07	.	0	0	0	0	2.13895e-05	0	0	0	0	0	0	0	0	2.47917e-05	0	0	0	0	0	0	0	0	0	0	0	0	0
chrX	47567025	.	G	A	.	PASS	6	1210107	4.95824e-06	2	112226	1.78212e-05	4	1097881	3.64338e-06	nfe	0	0	0	0	0	6.7022e-06	0	0	0	0	0	0	0	0	4.75042e-06	0	0	0	0	0	0	0	0	3.75954e-05	0	0	0
chrX	47567026	.	G	A	.	EXOMES_FILTERED	3	1210107	2.47912e-06	2	112229	1.78207e-05	1	1097878	9.10848e-07	afr	1.74752e-05	0	0	0	0	2.23407e-06	0	0	0	0	0	0	0	0	1.1876e-06	0	0	0	3.24423e-05	0	0	0	0	1.87988e-05	0	0	0
chrX	47567026	.	G	C	.	EXOMES_FILTERED	1	1211757	8.25248e-07	0	113879	0	1	1097878	9.10848e-07	nfe	0	0	0	0	0	1.11673e-06	0	0	0	0	0	0	0	0	1.1876e-06	0	0	0	0	0	0	0	0	0	0	0	0
chrX	71668729	.	T	C	.	EXOMES_FILTERED	0	1072224	0	0	113706	0	0	958518	0	.	0	0	0	0	0	0	0	0	0	0	0	0	0	0	0	0	0	0	0	0	0	0	0	0	0	0	0
chrX	71668731	.	A	G	.	EXOMES_FILTERED	1	1073204	9.31789e-07	0	114198	0	1	959006	1.04275e-06	afr	1.88562e-05	0	0	0	0	0	0	0	0	4.66266e-05	0	0	0	0	0	0	0	0	0	0	0	0	0	0	0	0	0
chrX	71668732	.	G	C	.	EXOMES_FILTERED	0	1073611	0	0	114155	0	0	959456	0	.	0	0	0	0	0	0	0	0	0	0	0	0	0	0	0	0	0	0	0	0	0	0	0	0	0	0	0
chrX	71668732	.	G	T	.	EXOMES_FILTERED	0	1073617	0	0	114155	0	0	959462	0	.	0	0	0	0	0	0	0	0	0	0	0	0	0	0	0	0	0	0	0	0	0	0	0	0	0	0	0
chrX	71668733	.	A	G	.	EXOMES_FILTERED	0	1073173	0	0	113830	0	0	959343	0	.	0	0	0	0	0	0	0	0	0	0	0	0	0	0	0	0	0	0	0	0	0	0	0	0	0	0	0
chrX	71668734	.	G	A	.	PASS	1	1073892	9.31192e-07	0	114020	0	1	959872	1.04181e-06	nfe	0	0	0	0	0	1.19746e-06	0	0	0	0	0	0	0	0	1.27928e-06	0	0	0	0	0	0	0	0	0	0	0	0
chrX	71668736	.	G	A	.	EXOMES_FILTERED	0	1072523	0	0	114086	0	0	958437	0	.	0	0	0	0	0	0	0	0	0	0	0	0	0	0	0	0	0	0	0	0	0	0	0	0	0	0	0
chrX	71668736	.	G	T	.	PASS	1	1072524	9.3238e-07	0	114086	0	1	958438	1.04336e-06	nfe	0	0	0	0	0	1.19838e-06	0	0	0	0	0	0	0	0	1.28039e-06	0	0	0	0	0	0	0	0	0	0	0	0
chrX	71668737	.	C	G	.	EXOMES_FILTERED	1	1072729	9.32202e-07	0	113851	0	1	958878	1.04289e-06	nfe	0	0	0	0	0	1.19818e-06	0	0	0	0	0	0	0	0	1.28004e-06	0	0	0	0	0	0	0	0	0	0	0	0
chrX	71668739	.	C	T	.	PASS	9	1072126	8.39454e-06	0	113861	0	9	958265	9.39197e-06	eas	0	0	0	0.000314861	0	0	0	0	0	0	0	0	0.000360765	0	0	0	0	0	0	0	0	0	0	0	0	0	0
chrX	71668740	.	C	A	.	EXOMES_FILTERED	0	1072650	0	0	114033	0	0	958617	0	.	0	0	0	0	0	0	0	0	0	0	0	0	0	0	0	0	0	0	0	0	0	0	0	0	0	0	0
chrX	71668741	.	T	C	.	EXOMES_FILTERED	0	1071200	0	0	113870	0	0	957330	0	.	0	0	0	0	0	0	0	0	0	0	0	0	0	0	0	0	0	0	0	0	0	0	0	0	0	0	0
chrX	71668741	.	TA	T	.	PASS	3	1071203	2.80059e-06	0	113870	0	3	957333	3.13371e-06	sas	0	0	0	0	0	0	0	7.7819e-05	0	0	0	0	0	0	0	0	8.40878e-05	0	0	0	0	0	0	0	0	0	0
chrX	71668742	.	A	G	.	EXOMES_FILTERED	0	1069935	0	0	113972	0	0	955963	0	.	0	0	0	0	0	0	0	0	0	0	0	0	0	0	0	0	0	0	0	0	0	0	0	0	0	0	0
chrX	71668742	.	AC	A	.	EXOMES_FILTERED	0	1069939	0	0	113972	0	0	955967	0	.	0	0	0	0	0	0	0	0	0	0	0	0	0	0	0	0	0	0	0	0	0	0	0	0	0	0	0
chrX	71668743	.	C	A	.	EXOMES_FILTERED	0	1071885	0	0	114183	0	0	957702	0	.	0	0	0	0	0	0	0	0	0	0	0	0	0	0	0	0	0	0	0	0	0	0	0	0	0	0	0
chrX	71668743	.	C	T	.	PASS	3	1070661	2.80201e-06	1	112959	8.85277e-06	2	957702	2.08833e-06	nfe	0	0	0	0	0	2.39836e-06	0	0	2.39189e-05	0	0	0	0	0	1.28103e-06	0	0	2.48274e-05	0	0	0	0	0	1.87691e-05	0	0	0
chrX	71668744	.	C	A	.	EXOMES_FILTERED	1	1070706	9.33963e-07	1	112892	8.85802e-06	0	957814	0	nfe	0	0	0	0	0	1.19917e-06	0	0	0	0	0	0	0	0	0	0	0	0	0	0	0	0	0	1.87748e-05	0	0	0
chrX	71668744	.	C	G	.	PASS	1	1070706	9.33963e-07	1	112892	8.85802e-06	0	957814	0	amr	0	4.1389e-05	0	0	0	0	0	0	0	0	0	0	0	0	0	0	0	0	0	9.2687e-05	0	0	0	0	0	0	0
chrX	71668744	.	C	T	.	PASS	29	1070707	2.70849e-05	2	112892	1.7716e-05	27	957815	2.81892e-05	sas	0	0	0	0	0	2.51825e-05	0	0.000129159	7.17326e-05	0	0	0	0	0	2.43387e-05	0	0.000139078	7.44565e-05	0	0	0	0	0	3.75495e-05	0	0	0
chrX	71668745	.	C	A	.	EXOMES_FILTERED	0	1072191	0	0	114221	0	0	957970	0	.	0	0	0	0	0	0	0	0	0	0	0	0	0	0	0	0	0	0	0	0	0	0	0	0	0	0	0
chrX	71668745	.	C	T	.	PASS	2	1070948	1.8675e-06	1	112977	8.85136e-06	1	957971	1.04387e-06	afr	1.90701e-05	0	0	0	0	1.19888e-06	0	0	0	0	0	0	0	0	1.28071e-06	0	0	0	3.21792e-05	0	0	0	0	0	0	0	0
chrX	71668746	.	C	T	.	GENOMES_FILTERED	3	1070720	2.80185e-06	0	112939	0	3	957781	3.13224e-06	eas	0	0	0	3.51259e-05	0	2.39827e-06	0	0	0	0	0	0	4.02236e-05	0	2.56194e-06	0	0	0	0	0	0	0	0	0	0	0	0
chrX	71668746	.	CG	C	.	PASS	4	1071958	3.73149e-06	0	114174	0	4	957784	4.17631e-06	nfe	0	0	0	0	0	4.79533e-06	0	0	0	0	0	0	0	0	5.12387e-06	0	0	0	0	0	0	0	0	0	0	0	0
chrX	71668747	.	G	A	.	PASS	29	1070213	2.70974e-05	7	113003	6.19453e-05	22	957210	2.29835e-05	amr	0	0.000788578	0	0	0	7.19626e-06	0	0	9.55954e-05	0	0.00105509	0	0	0	6.40617e-06	0	0	7.44565e-05	0	0.000461894	0	0	0	1.8773e-05	0	0	0.000644745
chrX	71668748	.	G	A	.	EXOMES_FILTERED	0	1071697	0	0	114197	0	0	957500	0	.	0	0	0	0	0	0	0	0	0	0	0	0	0	0	0	0	0	0	0	0	0	0	0	0	0	0	0
chrX	71668748	.	G	C	.	PASS	294	1070517	0.000274634	36	113017	0.000318536	258	957500	0.000269452	eas	3.81061e-05	8.29119e-05	0	0.0085852	0	3.47776e-05	0.000372717	0.000155348	0.000239097	0	0	0	0.00870056	0	3.20267e-05	0.00040568	0.000167341	0.000248305	6.42199e-05	0.000184758	0	0.0077886	0	7.50878e-05	0	0	0
chrX	71668748	.	G	T	.	EXOMES_FILTERED	0	1071697	0	0	114197	0	0	957500	0	.	0	0	0	0	0	0	0	0	0	0	0	0	0	0	0	0	0	0	0	0	0	0	0	0	0	0	0
chrX	71668749	.	G	T	.	EXOMES_FILTERED	0	1072017	0	0	114188	0	0	957829	0	.	0	0	0	0	0	0	0	0	0	0	0	0	0	0	0	0	0	0	0	0	0	0	0	0	0	0	0
chrX	71668752	.	A	C	.	EXOMES_FILTERED	0	1069923	0	0	113780	0	0	956143	0	.	0	0	0	0	0	0	0	0	0	0	0	0	0	0	0	0	0	0	0	0	0	0	0	0	0	0	0
chrX	74421892	.	C	T	.	PASS	1	1210185	8.2632e-07	0	114112	0	1	1096073	9.12348e-07	nfe	0	0	0	0	0	1.1174e-06	0	0	0	0	0	0	0	0	1.18842e-06	0	0	0	0	0	0	0	0	0	0	0	0
chrX	74421893	.	C	T	.	PASS	18	1208786	1.4891e-05	1	112859	8.86061e-06	17	1095927	1.5512e-05	nfe	0	0	0	0	0	2.01194e-05	0	0	0	0	0	0	0	0	2.02049e-05	0	0	0	0	0	0	0	0	1.87702e-05	0	0	0
chrX	74421894	.	G	A	.	PASS	5	1208912	4.13595e-06	3	112864	2.65807e-05	2	1096048	1.82474e-06	amr	0	8.70568e-05	0	0	0	0	0	0	2.10677e-05	0	2.84722e-05	0	0	0	0	0	0	2.17637e-05	0	0.000277136	0	0	0	0	0	0	0
chrX	74421895	.	C	T	.	PASS	8	1210290	6.60999e-06	0	114194	0	8	1096096	7.29863e-06	nfe	0	0	0	0	0	7.82164e-06	0	0	2.10411e-05	0	0	0	0	0	8.31911e-06	0	0	2.17547e-05	0	0	0	0	0	0	0	0	0
chrX	74421896	.	G	C	.	PASS	6	1209163	4.96211e-06	1	112861	8.86046e-06	5	1096302	4.56079e-06	nfe	0	0	0	0	0	6.70532e-06	0	0	0	0	0	0	0	0	5.94146e-06	0	0	0	0	0	0	0	0	1.8773e-05	0	0	0
chrX	74421897	.	G	A	.	EXOMES_FILTERED	0	1210521	0	0	114286	0	0	1096235	0	.	0	0	0	0	0	0	0	0	0	0	0	0	0	0	0	0	0	0	0	0	0	0	0	0	0	0	0
chrX	74421898	.	C	A	.	PASS	2	1210648	1.65201e-06	0	114274	0	2	1096374	1.8242e-06	nfe	0	0	0	0	0	2.23439e-06	0	0	0	0	0	0	0	0	2.37647e-06	0	0	0	0	0	0	0	0	0	0	0	0
chrX	74421899	.	A	G	.	PASS	26	1209178	2.15022e-05	4	112767	3.54714e-05	22	1096411	2.00655e-05	afr	5.22002e-05	0	0	0	0	2.57038e-05	0	0	0	0	0	0	0	0	2.6141e-05	0	0	0	9.64475e-05	0	0	0	0	1.87899e-05	0	0	0
chrX	74421901	.	C	G	.	PASS	1	1210674	8.25986e-07	0	114289	0	1	1096385	9.12088e-07	amr	0	2.16882e-05	0	0	0	0	0	0	0	0	2.84576e-05	0	0	0	0	0	0	0	0	0	0	0	0	0	0	0	0
chrX	74421901	.	C	T	.	PASS	15	1209391	1.24029e-05	3	113006	2.65473e-05	12	1096385	1.09451e-05	nfe	0	0	0	0	0	1.67624e-05	0	0	0	0	0	0	0	0	1.42592e-05	0	0	0	0	0	0	0	0	5.62873e-05	0	0	0
chrX	74421902	.	G	A	.	PASS	48	1209395	3.96893e-05	11	113006	9.734e-05	37	1096389	3.37471e-05	amr	0	0.00100063	0	0	0	1.11748e-06	0	0	2.10478e-05	0	0.000996129	0	0	0	1.18824e-06	0	0	2.17528e-05	0	0.00101523	0	0	0	0	0	0	0
chrX	74421902	.	G	C	.	PASS	74	1209393	6.11877e-05	33	113004	0.000292025	41	1096389	3.73955e-05	afr	0.00112916	0	0	0	0	6.70489e-06	0	0	6.31433e-05	0.00128998	0	0	0	0	5.9412e-06	0	0	4.35057e-05	0.000993335	0	0	0	0	1.8766e-05	0	0	0.000649351
chrX	74421903	.	C	G	.	PASS	1	1209400	8.26856e-07	1	113025	8.8476e-06	0	1096375	0	nfe	0	0	0	0	0	1.11747e-06	0	0	0	0	0	0	0	0	0	0	0	0	0	0	0	0	0	1.87568e-05	0	0	0
chrX	74421903	.	C	T	.	PASS	1	1210658	8.25997e-07	0	114283	0	1	1096375	9.12097e-07	eas	0	0	0	2.95805e-05	0	0	0	0	0	0	0	0	3.31422e-05	0	0	0	0	0	0	0	0	0	0	0	0	0	0
chrX	74421904	.	G	A	.	PASS	1	1210712	8.2596e-07	0	114245	0	1	1096467	9.1202e-07	sas	0	0	0	0	0	0	0	1.76047e-05	0	0	0	0	0	0	0	0	1.85515e-05	0	0	0	0	0	0	0	0	0	0
chrX	74421905	.	C	A	.	PASS	1	1210695	8.25972e-07	0	114253	0	1	1096442	9.12041e-07	nfe	0	0	0	0	0	1.11715e-06	0	0	0	0	0	0	0	0	1.1882e-06	0	0	0	0	0	0	0	0	0	0	0	0
chrX	74421905	.	C	G	.	PASS	1	1209445	8.26826e-07	1	113003	8.84932e-06	0	1096442	0	nfe	0	0	0	0	0	1.11741e-06	0	0	0	0	0	0	0	0	0	0	0	0	0	0	0	0	0	1.87568e-05	0	0	0
chrX	74421905	.	C	T	.	PASS	1	1210695	8.25972e-07	0	114253	0	1	1096442	9.12041e-07	mid	0	0	0	0	0	0	0.000252525	0	0	0	0	0	0	0	0	0.000267237	0	0	0	0	0	0	0	0	0	0	0
chrX	74421906	.	G	A	.	PASS	6	1209376	4.96124e-06	1	113023	8.84776e-06	5	1096353	4.56057e-06	sas	0	0	0	2.96446e-05	0	1.11746e-06	0	5.29708e-05	2.10588e-05	0	0	0	3.31411e-05	0	1.18826e-06	0	3.71237e-05	2.17576e-05	0	0	0	0	0	0	0	0.000362188	0
chrX	74421907	.	C	A	.	PASS	6	1209538	4.96057e-06	1	113067	8.84431e-06	5	1096471	4.56008e-06	sas	0	0	0	2.96419e-05	0	1.11739e-06	0	5.29596e-05	2.10571e-05	0	0	0	3.31389e-05	0	1.18819e-06	0	3.71154e-05	2.17557e-05	0	0	0	0	0	0	0	0.000362188	0
chrX	74421908	.	G	A	.	PASS	11	1209640	9.09361e-06	3	113051	2.65367e-05	8	1096589	7.29535e-06	nfe	0	0	0	0	0	1.22908e-05	0	0	0	0	0	0	0	0	9.50514e-06	0	0	0	0	0	0	0	0	5.62567e-05	0	0	0
chrX	74421910	.	C	G	.	EXOMES_FILTERED	1	1211082	8.25708e-07	0	114397	0	1	1096685	9.11839e-07	afr	1.72301e-05	0	0	0	0	0	0	0	0	3.79248e-05	0	0	0	0	0	0	0	0	0	0	0	0	0	0	0	0	0
chrX	101656500	.	C	T	.	GENOMES_FILTERED	0	1207598	0	0	109387	0	0	1098211	0	.	0	0	0	0	0	0	0	0	0	0	0	0	0	0	0	0	0	0	0	0	0	0	0	0	0	0	0
chrX	101656504	.	C	G	.	PASS	3	1210697	2.47791e-06	0	112500	0	3	1098197	2.73175e-06	amr	0	6.5304e-05	0	0	0	0	0	0	0	0	8.522e-05	0	0	0	0	0	0	0	0	0	0	0	0	0	0	0	0
chrX	101656507	.	C	T	.	PASS	5	1207916	4.13936e-06	5	109714	4.5573e-05	0	1098202	0	afr	8.8563e-05	0	0	0	0	0	0	0	0	0	0	0	0	0	0	0	0	0	0.000166362	0	0	0	0	0	0	0	0
chrX	101656509	.	G	C	.	GENOMES_FILTERED	0	1207694	0	0	109485	0	0	1098209	0	.	0	0	0	0	0	0	0	0	0	0	0	0	0	0	0	0	0	0	0	0	0	0	0	0	0	0	0
chrX	101656510	.	C	A	.	PASS	2	1210425	1.65231e-06	0	112280	0	2	1098145	1.82125e-06	nfe	0	0	0	0	0	2.23419e-06	0	0	0	0	0	0	0	0	2.37503e-06	0	0	0	0	0	0	0	0	0	0	0	0
chrX	101656510	.	C	T	.	PASS	59	1207707	4.88529e-05	1	109562	9.12725e-06	58	1098145	5.28163e-05	sas	0	0	0	0.000297345	0	3.35344e-06	0	0.000760214	6.30636e-05	0	0	0	0.000331071	0	3.56255e-06	0	0.000775709	6.50872e-05	0	0	0	0	0	0	0	0.000413394	0
chrX	101656511	.	G	A	.	PASS	5	1207581	4.14051e-06	2	109429	1.82767e-05	3	1098152	2.73186e-06	sas	0	0	0	0	0	3.35353e-06	0	1.768e-05	2.10309e-05	0	0	0	0	0	1.18751e-06	0	1.84679e-05	2.16943e-05	0	0	0	0	0	3.81105e-05	0	0	0
chrX	101656512	.	C	T	.	PASS	2	1210780	1.65183e-06	0	112573	0	2	1098207	1.82115e-06	nfe	0	0	0	0	0	2.2339e-06	0	0	0	0	0	0	0	0	2.37493e-06	0	0	0	0	0	0	0	0	0	0	0	0
chrX	154478823	.	TGCGGCTGTGTCCACGCCCCCGCG	T	.	PASS	5	1112010	4.49636e-06	0	114104	0	5	997906	5.01049e-06	nfe	0	0	0	0	0	5.86039e-06	0	0	0	0	0	0	0	0	6.25167e-06	0	0	0	0	0	0	0	0	0	0	0	0
chrX	154478826	.	GGCTGTGTCCACGCCCCCGCGGCA	G	.	PASS	5	1109132	4.50803e-06	0	114195	0	5	994937	5.02544e-06	eas	0	0	0	3.64618e-05	0	4.69643e-06	0	0	0	0	0	0	4.20221e-05	0	5.01085e-06	0	0	0	0	0	0	0	0	0	0	0	0
chrX	154478838	.	GC	G	.	PASS	1	1065869	9.38202e-07	0	114020	0	1	951849	1.05059e-06	nfe	0	0	0	0	0	1.20576e-06	0	0	0	0	0	0	0	0	1.28872e-06	0	0	0	0	0	0	0	0	0	0	0	0
chrX	154478839	.	C	A	.	EXOMES_FILTERED	0	1067960	0	0	114329	0	0	953631	0	.	0	0	0	0	0	0	0	0	0	0	0	0	0	0	0	0	0	0	0	0	0	0	0	0	0	0	0
chrX	154478839	.	C	G	.	PASS	15	1067961	1.40455e-05	0	114329	0	15	953632	1.57293e-05	sas	0	0	0	0	0	2.40839e-06	0	0.000327968	0	0	0	0	0	0	2.57415e-06	0	0.000354185	0	0	0	0	0	0	0	0	0	0
chrX	154478839	.	C	T	.	PASS	1	1067956	9.36368e-07	0	114329	0	1	953627	1.04863e-06	nfe	0	0	0	0	0	1.2042e-06	0	0	0	0	0	0	0	0	1.28708e-06	0	0	0	0	0	0	0	0	0	0	0	0
chrX	154478840	.	C	A	.	EXOMES_FILTERED	0	1066910	0	0	114395	0	0	952515	0	.	0	0	0	0	0	0	0	0	0	0	0	0	0	0	0	0	0	0	0	0	0	0	0	0	0	0	0
chrX	154478840	.	C	T	.	EXOMES_FILTERED	0	1066911	0	0	114395	0	0	952516	0	.	0	0	0	0	0	0	0	0	0	0	0	0	0	0	0	0	0	0	0	0	0	0	0	0	0	0	0
chrX	154478841	.	C	A	.	PASS	2	1063618	1.88037e-06	0	114393	0	2	949225	2.10698e-06	amr	0	7.7912e-05	0	0	0	0	0	0	0	0	0.000136138	0	0	0	0	0	0	0	0	0	0	0	0	0	0	0	0
chrX	154478841	.	C	T	.	EXOMES_FILTERED	0	1063618	0	0	114393	0	0	949225	0	.	0	0	0	0	0	0	0	0	0	0	0	0	0	0	0	0	0	0	0	0	0	0	0	0	0	0	0
chrX	154478842	.	C	A	.	PASS	1	1063312	9.40458e-07	0	114421	0	1	948891	1.05386e-06	amr	0	3.89848e-05	0	0	0	0	0	0	0	0	6.82268e-05	0	0	0	0	0	0	0	0	0	0	0	0	0	0	0	0
chrX	154478842	.	C	T	.	EXOMES_FILTERED	1	1062215	9.41429e-07	1	113321	8.82449e-06	0	948894	0	nfe	0	0	0	0	0	1.20808e-06	0	0	0	0	0	0	0	0	0	0	0	0	0	0	0	0	0	1.87811e-05	0	0	0
chrX	154478842	.	CCG	C	.	EXOMES_FILTERED	0	1063317	0	0	114421	0	0	948896	0	.	0	0	0	0	0	0	0	0	0	0	0	0	0	0	0	0	0	0	0	0	0	0	0	0	0	0	0
chrX	154478843	.	C	A	.	PASS	1	1061480	9.42081e-07	0	114421	0	1	947059	1.0559e-06	nfe	0	0	0	0	0	1.20943e-06	0	0	0	0	0	0	0	0	1.2931e-06	0	0	0	0	0	0	0	0	0	0	0	0
chrX	154478843	.	C	T	.	EXOMES_FILTERED	0	1061481	0	0	114421	0	0	947060	0	.	0	0	0	0	0	0	0	0	0	0	0	0	0	0	0	0	0	0	0	0	0	0	0	0	0	0	0
chrX	154478843	.	CG	C	.	EXOMES_FILTERED	0	1061484	0	0	114421	0	0	947063	0	.	0	0	0	0	0	0	0	0	0	0	0	0	0	0	0	0	0	0	0	0	0	0	0	0	0	0	0
chrX	154478844	.	G	A	.	PASS	1	1055222	9.47668e-07	0	114195	0	1	941027	1.06267e-06	afr	1.93308e-05	0	0	0	0	0	0	0	0	4.97438e-05	0	0	0	0	0	0	0	0	0	0	0	0	0	0	0	0	0
chrX	154478844	.	G	T	.	EXOMES_FILTERED	0	1055229	0	0	114195	0	0	941034	0	.	0	0	0	0	0	0	0	0	0	0	0	0	0	0	0	0	0	0	0	0	0	0	0	0	0	0	0
chrX	154478845	.	C	A	.	EXOMES_FILTERED	0	1055242	0	0	114388	0	0	940854	0	.	0	0	0	0	0	0	0	0	0	0	0	0	0	0	0	0	0	0	0	0	0	0	0	0	0	0	0
chrX	154478845	.	C	T	.	PASS	25	1054180	2.37151e-05	10	113326	8.8241e-05	15	940854	1.5943e-05	eas	0	4.12984e-05	0	0.000826414	0	0	0	0	7.31814e-05	0	7.50751e-05	0	0.000503502	0	0	0	0	7.60649e-05	0	0	0	0.00280584	0	0	0	0	0
chrX	154478846	.	G	A	.	PASS	2	1049585	1.90552e-06	1	113105	8.84134e-06	1	936480	1.06783e-06	amr	0	4.21106e-05	0	0	0	1.21757e-06	0	0	0	0	0	0	0	0	1.3019e-06	0	0	0	0	9.20471e-05	0	0	0	0	0	0	0
chrX	154478846	.	G	C	.	EXOMES_FILTERED	0	1050617	0	0	114136	0	0	936481	0	.	0	0	0	0	0	0	0	0	0	0	0	0	0	0	0	0	0	0	0	0	0	0	0	0	0	0	0
chrX	154478846	.	G	T	.	EXOMES_FILTERED	0	1050615	0	0	114136	0	0	936479	0	.	0	0	0	0	0	0	0	0	0	0	0	0	0	0	0	0	0	0	0	0	0	0	0	0	0	0	0
chrX	154478847	.	G	A	.	EXOMES_FILTERED	0	1051008	0	0	114323	0	0	936685	0	.	0	0	0	0	0	0	0	0	0	0	0	0	0	0	0	0	0	0	0	0	0	0	0	0	0	0	0
chrX	154478847	.	G	T	.	EXOMES_FILTERED	0	1051015	0	0	114323	0	0	936692	0	.	0	0	0	0	0	0	0	0	0	0	0	0	0	0	0	0	0	0	0	0	0	0	0	0	0	0	0
chrX	154478848	.	C	A	.	PASS	1	1039007	9.62457e-07	0	114353	0	1	924654	1.08149e-06	nfe	0	0	0	0	0	1.22521e-06	0	0	0	0	0	0	0	0	1.3111e-06	0	0	0	0	0	0	0	0	0	0	0	0
chrX	154478848	.	C	T	.	EXOMES_FILTERED	0	1039006	0	0	114353	0	0	924653	0	.	0	0	0	0	0	0	0	0	0	0	0	0	0	0	0	0	0	0	0	0	0	0	0	0	0	0	0
chrX	154478849	.	A	C	.	PASS	1	1037773	9.63602e-07	0	113951	0	1	923822	1.08246e-06	nfe	0	0	0	0	0	1.22624e-06	0	0	0	0	0	0	0	0	1.31208e-06	0	0	0	0	0	0	0	0	0	0	0	0
chrX	154478849	.	A	G	.	EXOMES_FILTERED	0	1037773	0	0	113951	0	0	923822	0	.	0	0	0	0	0	0	0	0	0	0	0	0	0	0	0	0	0	0	0	0	0	0	0	0	0	0	0
chrX	154478850	.	G	A	.	EXOMES_FILTERED	0	1038758	0	0	114355	0	0	924403	0	.	0	0	0	0	0	0	0	0	0	0	0	0	0	0	0	0	0	0	0	0	0	0	0	0	0	0	0
chrX	154478850	.	G	T	.	EXOMES_FILTERED	0	1038759	0	0	114355	0	0	924404	0	.	0	0	0	0	0	0	0	0	0	0	0	0	0	0	0	0	0	0	0	0	0	0	0	0	0	0	0
chrX	154478851	.	C	A	.	EXOMES_FILTERED	0	1037243	0	0	114363	0	0	922880	0	.	0	0	0	0	0	0	0	0	0	0	0	0	0	0	0	0	0	0	0	0	0	0	0	0	0	0	0
chrX	154478851	.	C	T	.	EXOMES_FILTERED	0	1037244	0	0	114363	0	0	922881	0	.	0	0	0	0	0	0	0	0	0	0	0	0	0	0	0	0	0	0	0	0	0	0	0	0	0	0	0
chrX	154478852	.	T	C	.	PASS	1	1036870	9.64441e-07	0	114186	0	1	922684	1.08379e-06	nfe	0	0	0	0	0	1.22679e-06	0	0	0	0	0	0	0	0	1.31286e-06	0	0	0	0	0	0	0	0	0	0	0	0
chrX	154478853	.	G	A	.	PASS	2	1035423	1.93158e-06	0	114278	0	2	921145	2.17121e-06	sas	0	0	0	0	0	1.22789e-06	0	2.82877e-05	0	0	0	0	0	0	1.31413e-06	0	3.08433e-05	0	0	0	0	0	0	0	0	0	0
chrX	154478853	.	G	T	.	EXOMES_FILTERED	0	1035424	0	0	114278	0	0	921146	0	.	0	0	0	0	0	0	0	0	0	0	0	0	0	0	0	0	0	0	0	0	0	0	0	0	0	0	0
chrX	154478854	.	T	C	.	EXOMES_FILTERED	0	1032699	0	0	114146	0	0	918553	0	.	0	0	0	0	0	0	0	0	0	0	0	0	0	0	0	0	0	0	0	0	0	0	0	0	0	0	0
chrX	154478854	.	TG	T	.	EXOMES_FILTERED	0	1032695	0	0	114146	0	0	918549	0	.	0	0	0	0	0	0	0	0	0	0	0	0	0	0	0	0	0	0	0	0	0	0	0	0	0	0	0
chrX	154478855	.	G	A	.	PASS	2	1023716	1.95367e-06	1	113117	8.8404e-06	1	910599	1.09818e-06	nfe	0	0	0	0	0	2.47346e-06	0	0	0	0	0	0	0	0	1.32378e-06	0	0	0	0	0	0	0	0	1.88072e-05	0	0	0
chrX	154478855	.	G	T	.	EXOMES_FILTERED	0	1024684	0	0	114085	0	0	910599	0	.	0	0	0	0	0	0	0	0	0	0	0	0	0	0	0	0	0	0	0	0	0	0	0	0	0	0	0
chrX	154478856	.	G	A	.	PASS	3	1024450	2.9284e-06	0	114105	0	3	910345	3.29545e-06	amr	0	5.09996e-05	0	0	0	1.23668e-06	0	2.94768e-05	0	0	0.000115875	0	0	0	1.3241e-06	0	3.22414e-05	0	0	0	0	0	0	0	0	0	0
chrX	154478856	.	G	T	.	PASS	25	1023526	2.44254e-05	2	113178	1.76713e-05	23	910348	2.52651e-05	sas	0	0	0	0	0	0	0	0.000738683	0	0	0	0	0	0	0	0	0.000741529	0	0	0	0	0	0	0	0	0.000707464	0
chrX	154478856	.	GC	G	.	EXOMES_FILTERED	0	1024451	0	0	114105	0	0	910346	0	.	0	0	0	0	0	0	0	0	0	0	0	0	0	0	0	0	0	0	0	0	0	0	0	0	0	0	0
chrX	154478857	.	C	A	.	EXOMES_FILTERED	0	1025141	0	0	114295	0	0	910846	0	.	0	0	0	0	0	0	0	0	0	0	0	0	0	0	0	0	0	0	0	0	0	0	0	0	0	0	0
chrX	154478857	.	C	G	.	EXOMES_FILTERED	0	1025140	0	0	114295	0	0	910845	0	.	0	0	0	0	0	0	0	0	0	0	0	0	0	0	0	0	0	0	0	0	0	0	0	0	0	0	0
chrX	154478857	.	C	T	.	PASS	1	1025132	9.75484e-07	0	114295	0	1	910837	1.09789e-06	nfe	0	0	0	0	0	1.23607e-06	0	0	0	0	0	0	0	0	1.32351e-06	0	0	0	0	0	0	0	0	0	0	0	0
chrX	154478858	.	C	A	.	EXOMES_FILTERED	0	1025388	0	0	114273	0	0	911115	0	.	0	0	0	0	0	0	0	0	0	0	0	0	0	0	0	0	0	0	0	0	0	0	0	0	0	0	0
chrX	154478858	.	C	T	.	EXOMES_FILTERED	0	1025391	0	0	114273	0	0	911118	0	.	0	0	0	0	0	0	0	0	0	0	0	0	0	0	0	0	0	0	0	0	0	0	0	0	0	0	0
chrX	154478859	.	A	C	.	EXOMES_FILTERED	2	1019647	1.96146e-06	0	113216	0	2	906431	2.20646e-06	eas	0	0	0	4.07034e-05	0	1.24061e-06	0	0	0	0	0	0	4.76576e-05	0	1.32805e-06	0	0	0	0	0	0	0	0	0	0	0	0
chrX	154478859	.	A	G	.	EXOMES_FILTERED	0	1019647	0	0	113216	0	0	906431	0	.	0	0	0	0	0	0	0	0	0	0	0	0	0	0	0	0	0	0	0	0	0	0	0	0	0	0	0
chrX	154478859	.	AC	A	.	PASS	1	1019641	9.80737e-07	0	113216	0	1	906425	1.10324e-06	amr	0	5.15943e-05	0	0	0	0	0	0	0	0	0.00011805	0	0	0	0	0	0	0	0	0	0	0	0	0	0	0	0
chrX	154478860	.	C	A	.	PASS	1	1018050	9.8227e-07	0	114182	0	1	903868	1.10636e-06	sas	0	0	0	0	0	0	0	3.03407e-05	0	0	0	0	0	0	0	0	3.32812e-05	0	0	0	0	0	0	0	0	0	0
chrX	154478860	.	C	G	.	PASS	22	1018053	2.16099e-05	0	114182	0	22	903871	2.43398e-05	nfe	0	0	0	0	0	2.6084e-05	0	0	2.54052e-05	0	0	0	0	0	2.79385e-05	0	0	2.64599e-05	0	0	0	0	0	0	0	0	0
chrX	154478860	.	C	T	.	PASS	5	1017121	4.91584e-06	2	113253	1.76596e-05	3	903868	3.31907e-06	eas	0	0	0	0.000163325	0	0	0	0	2.54143e-05	0	0	0	9.55612e-05	0	0	0	0	2.64599e-05	0	0	0	0.000561482	0	0	0	0	0
chrX	154478861	.	C	A	.	PASS	1	1018216	9.8211e-07	0	114153	0	1	904063	1.10612e-06	afr	1.98665e-05	0	0	0	0	0	0	0	0	5.3416e-05	0	0	0	0	0	0	0	0	0	0	0	0	0	0	0	0	0
chrX	154478861	.	C	G	.	EXOMES_FILTERED	0	1018220	0	0	114153	0	0	904067	0	.	0	0	0	0	0	0	0	0	0	0	0	0	0	0	0	0	0	0	0	0	0	0	0	0	0	0	0
chrX	154478861	.	C	T	.	PASS	3	1018219	2.94632e-06	0	114153	0	3	904066	3.31834e-06	nfe	0	0	0	0	0	3.72578e-06	0	0	0	0	0	0	0	0	3.99059e-06	0	0	0	0	0	0	0	0	0	0	0	0
chrX	154478862	.	C	A	.	EXOMES_FILTERED	0	1018340	0	0	114208	0	0	904132	0	.	0	0	0	0	0	0	0	0	0	0	0	0	0	0	0	0	0	0	0	0	0	0	0	0	0	0	0
chrX	154478862	.	C	T	.	EXOMES_FILTERED	0	1018341	0	0	114208	0	0	904133	0	.	0	0	0	0	0	0	0	0	0	0	0	0	0	0	0	0	0	0	0	0	0	0	0	0	0	0	0
chrX	154478863	.	C	A	.	GENOMES_FILTERED	4	1017267	3.9321e-06	0	113222	0	4	904045	4.42456e-06	nfe	0	0	0	0	0	4.96862e-06	0	0	0	0	0	0	0	0	5.3204e-06	0	0	0	0	0	0	0	0	0	0	0	0
chrX	154478863	.	C	G	.	PASS	3	1017269	2.94907e-06	1	113222	8.83221e-06	2	904047	2.21227e-06	afr	4.00144e-05	0	0	0	0	1.24215e-06	0	0	0	5.33903e-05	0	0	0	0	1.3301e-06	0	0	0	3.1998e-05	0	0	0	0	0	0	0	0
chrX	154478863	.	C	T	.	PASS	4	1017266	3.93211e-06	2	113222	1.76644e-05	2	904044	2.21228e-06	afr	4.00144e-05	0	0	0	0	2.48432e-06	0	0	0	0	0	0	0	0	2.66021e-06	0	0	0	6.39959e-05	0	0	0	0	0	0	0	0
chrX	154478864	.	G	A	.	PASS	7	1017973	6.87641e-06	0	114005	0	7	903968	7.74364e-06	afr	1.98748e-05	0	0	0	0	6.20957e-06	0	0	2.54304e-05	5.33675e-05	0	0	0	0	6.65053e-06	0	0	2.64809e-05	0	0	0	0	0	0	0	0	0
chrX	154478864	.	G	C	.	PASS	1	1017975	9.82342e-07	0	114005	0	1	903970	1.10623e-06	afr	1.98748e-05	0	0	0	0	0	0	0	0	5.33675e-05	0	0	0	0	0	0	0	0	0	0	0	0	0	0	0	0	0
chrX	154478864	.	G	T	.	EXOMES_FILTERED	0	1017975	0	0	114005	0	0	903970	0	.	0	0	0	0	0	0	0	0	0	0	0	0	0	0	0	0	0	0	0	0	0	0	0	0	0	0	0
chrX	154478864	.	GGCCATCCCCGCCGTCAGCGCCTCCGCCTGCGTCTGCATCC	G	.	EXOMES_FILTERED	2	1017975	1.96468e-06	0	114005	0	2	903970	2.21246e-06	nfe	0	0	0	0	0	2.48382e-06	0	0	0	0	0	0	0	0	2.66021e-06	0	0	0	0	0	0	0	0	0	0	0	0
chrX	154478865	.	G	A	.	EXOMES_FILTERED	0	1016327	0	0	114041	0	0	902286	0	.	0	0	0	0	0	0	0	0	0	0	0	0	0	0	0	0	0	0	0	0	0	0	0	0	0	0	0
chrX	154478865	.	G	T	.	PASS	1	1016341	9.83922e-07	0	114041	0	1	902300	1.10828e-06	nfe	0	0	0	0	0	1.24329e-06	0	0	0	0	0	0	0	0	1.3317e-06	0	0	0	0	0	0	0	0	0	0	0	0
chrX	154478866	.	C	A	.	EXOMES_FILTERED	0	1017635	0	0	114236	0	0	903399	0	.	0	0	0	0	0	0	0	0	0	0	0	0	0	0	0	0	0	0	0	0	0	0	0	0	0	0	0
chrX	154478866	.	C	T	.	PASS	230	1016606	0.000226243	19	113219	0.000167816	211	903387	0.000233565	nfe	2.003e-05	0.000213072	0.00020024	0	0	0.000262149	0	0	0.000279955	0	0.000506457	0.000162232	0	0	0.0002581	0	0	0.000291344	3.20031e-05	0	0.00037679	0	0	0.000319327	0	0	0
chrX	154478867	.	C	A	.	EXOMES_FILTERED	0	1018000	0	0	114308	0	0	903692	0	.	0	0	0	0	0	0	0	0	0	0	0	0	0	0	0	0	0	0	0	0	0	0	0	0	0	0	0
chrX	154478867	.	C	T	.	EXOMES_FILTERED	0	1018002	0	0	114308	0	0	903694	0	.	0	0	0	0	0	0	0	0	0	0	0	0	0	0	0	0	0	0	0	0	0	0	0	0	0	0	0
chrX	154478868	.	A	G	.	PASS	1	1013715	9.86471e-07	0	113642	0	1	900073	1.11102e-06	nfe	0	0	0	0	0	1.24527e-06	0	0	0	0	0	0	0	0	1.33382e-06	0	0	0	0	0	0	0	0	0	0	0	0
