chr20	25082005	.	AAGCCCCGGGGGCGCG	A	.	PASS	1	1534612	6.51631e-07	0	152282	0	1	1382330	7.23416e-07	amr	0	1.96063e-05	0	0	0	0	0	0	0	0	2.80112e-05	0	0	0	0	0	0	0	0	0	0	0	0	0	0	0	0
chr20	25082008	.	C	A	.	EXOMES_FILTERED	0	1534814	0	0	152326	0	0	1382488	0	.	0	0	0	0	0	0	0	0	0	0	0	0	0	0	0	0	0	0	0	0	0	0	0	0	0	0	0
chr20	25082008	.	C	T	.	PASS	10	1534814	6.51545e-06	0	152326	0	10	1382488	7.23334e-06	sas	0	0	0	0	0	3.4879e-06	0	7.13878e-05	0	0	0	0	0	0	3.7078e-06	0	7.57404e-05	0	0	0	0	0	0	0	0	0	0
chr20	25082010	.	C	G	.	PASS	3	1534956	1.95445e-06	0	152318	0	3	1382638	2.16977e-06	nfe	0	0	0	0	0	2.61582e-06	0	0	0	0	0	0	0	0	2.78071e-06	0	0	0	0	0	0	0	0	0	0	0	0
chr20	25082011	.	C	A	.	PASS	1	1534914	6.51502e-07	0	152290	0	1	1382624	7.23262e-07	nfe	0	0	0	0	0	8.71929e-07	0	0	0	0	0	0	0	0	9.26889e-07	0	0	0	0	0	0	0	0	0	0	0	0
chr20	25082011	.	C	G	.	PASS	1	1534914	6.51502e-07	0	152290	0	1	1382624	7.23262e-07	amr	0	1.96017e-05	0	0	0	0	0	0	0	0	2.80049e-05	0	0	0	0	0	0	0	0	0	0	0	0	0	0	0	0
chr20	25082011	.	C	T	.	PASS	4	1534914	2.60601e-06	0	152290	0	4	1382624	2.89305e-06	nfe	0	0	0	0	0	3.48772e-06	0	0	0	0	0	0	0	0	3.70756e-06	0	0	0	0	0	0	0	0	0	0	0	0
chr20	25082011	.	CG	C	.	EXOMES_FILTERED	0	1534914	0	0	152290	0	0	1382624	0	.	0	0	0	0	0	0	0	0	0	0	0	0	0	0	0	0	0	0	0	0	0	0	0	0	0	0	0
chr20	25082012	.	G	A	.	PASS	2	1535192	1.30277e-06	0	152296	0	2	1382896	1.44624e-06	amr	1.36485e-05	1.95917e-05	0	0	0	0	0	0	0	3.15477e-05	2.79861e-05	0	0	0	0	0	0	0	0	0	0	0	0	0	0	0	0
chr20	25082012	.	G	T	.	EXOMES_FILTERED	0	1535192	0	0	152296	0	0	1382896	0	.	0	0	0	0	0	0	0	0	0	0	0	0	0	0	0	0	0	0	0	0	0	0	0	0	0	0	0
chr20	25082013	.	G	C	.	PASS	1	1535258	6.51356e-07	0	152294	0	1	1382964	7.23085e-07	sas	0	0	0	0	0	0	0	1.18932e-05	0	0	0	0	0	0	0	0	1.2618e-05	0	0	0	0	0	0	0	0	0	0
chr20	25082014	.	G	A	.	PASS	50	1535288	3.25672e-05	10	152304	6.56582e-05	40	1382984	2.8923e-05	eas	0	0	0	0.000462287	0	4.35916e-06	0	0.00017841	0.000183554	0	0	0	0.000306168	0	4.63389e-06	0	0.000164046	0.000190259	0	0	0	0.00154679	0	0	0	0.000414079	0
chr20	25082015	.	G	T	.	EXOMES_FILTERED	0	1535366	0	0	152318	0	0	1383048	0	.	0	0	0	0	0	0	0	0	0	0	0	0	0	0	0	0	0	0	0	0	0	0	0	0	0	0	0
chr20	25082016	.	G	A	.	PASS	438	1535332	0.00028528	74	152320	0.000485819	364	1383012	0.000263194	eas	0	3.91788e-05	0	0.00951107	0	1.30771e-05	0	0.000118917	0.000333745	0	0	0	0.0088764	0	1.39013e-05	0	0.00012617	0.000345937	0	0.000130651	0	0.0139211	0	0	0	0	0
chr20	25082017	.	C	A	.	PASS	1	1535374	6.51307e-07	0	152304	0	1	1383070	7.23029e-07	nfe	0	0	0	0	0	8.71786e-07	0	0	0	0	0	0	0	0	9.26733e-07	0	0	0	0	0	0	0	0	0	0	0	0
chr20	25082017	.	C	T	.	EXOMES_FILTERED	0	1535374	0	0	152304	0	0	1383070	0	.	0	0	0	0	0	0	0	0	0	0	0	0	0	0	0	0	0	0	0	0	0	0	0	0	0	0	0
chr20	25082018	.	G	A	.	PASS	23	1535488	1.4979e-05	6	152324	3.93897e-05	17	1383164	1.22907e-05	eas	0	0	0	0.000559311	0	0	0	0	0	0	0	0	0.000472958	0	0	0	0	0	0	0	0	0.00115875	0	0	0	0	0
chr20	25082018	.	G	T	.	PASS	3	1535488	1.95378e-06	0	152324	0	3	1383164	2.16894e-06	nfe	0	0	0	0	0	2.61529e-06	0	0	0	0	0	0	0	0	2.78012e-06	0	0	0	0	0	0	0	0	0	0	0	0
chr20	25082019	.	C	A	.	EXOMES_FILTERED	0	1535520	0	0	152300	0	0	1383220	0	.	0	0	0	0	0	0	0	0	0	0	0	0	0	0	0	0	0	0	0	0	0	0	0	0	0	0	0
chr20	25082019	.	C	T	.	PASS	1	1535520	6.51245e-07	0	152300	0	1	1383220	7.22951e-07	sas	0	0	0	0	0	0	0	1.18906e-05	0	0	0	0	0	0	0	0	1.26157e-05	0	0	0	0	0	0	0	0	0	0
chr20	25082020	.	G	A	.	PASS	180	1535640	0.000117215	6	152176	3.9428e-05	174	1383464	0.000125771	eas	2.73194e-05	1.95886e-05	0	0.00063116	0	0.00012988	0	0	3.33767e-05	3.14941e-05	2.79626e-05	0	0.000721821	0	0.000133432	0	0	3.45841e-05	2.4122e-05	0	0	0	0	7.35143e-05	0	0	0
chr20	25082020	.	G	C	.	PASS	3	1535758	1.95343e-06	0	152294	0	3	1383464	2.16847e-06	sas	0	0	0	0	0	8.71682e-07	0	2.37795e-05	0	0	0	0	0	0	9.26611e-07	0	2.52283e-05	0	0	0	0	0	0	0	0	0	0
chr20	25082020	.	G	T	.	EXOMES_FILTERED	0	1535758	0	0	152294	0	0	1383464	0	.	0	0	0	0	0	0	0	0	0	0	0	0	0	0	0	0	0	0	0	0	0	0	0	0	0	0	0
chr20	25082022	.	G	A	.	PASS	6	1536024	3.90619e-06	0	152306	0	6	1383718	4.33614e-06	eas	0	1.95771e-05	0	9.70261e-05	0	8.71602e-07	0	0	0	0	2.79548e-05	0	0.000110957	0	9.26526e-07	0	0	0	0	0	0	0	0	0	0	0	0
chr20	25082022	.	G	T	.	EXOMES_FILTERED	0	1536024	0	0	152306	0	0	1383718	0	.	0	0	0	0	0	0	0	0	0	0	0	0	0	0	0	0	0	0	0	0	0	0	0	0	0	0	0
chr20	25082023	.	C	A	.	EXOMES_FILTERED	0	1536236	0	0	152328	0	0	1383908	0	.	0	0	0	0	0	0	0	0	0	0	0	0	0	0	0	0	0	0	0	0	0	0	0	0	0	0	0
chr20	25082023	.	C	G	.	EXOMES_FILTERED	0	1536236	0	0	152328	0	0	1383908	0	.	0	0	0	0	0	0	0	0	0	0	0	0	0	0	0	0	0	0	0	0	0	0	0	0	0	0	0
chr20	25082023	.	C	T	.	PASS	1	1536236	6.50942e-07	0	152328	0	1	1383908	7.22591e-07	.	0	0	0	0	0	0	0	0	1.66733e-05	0	0	0	0	0	0	0	0	1.72825e-05	0	0	0	0	0	0	0	0	0
chr20	25082024	.	C	T	.	PASS	1	1536370	6.50885e-07	0	152324	0	1	1384046	7.22519e-07	sas	0	0	0	0	0	0	0	1.18818e-05	0	0	0	0	0	0	0	0	1.26056e-05	0	0	0	0	0	0	0	0	0	0
chr20	25082025	.	C	A	.	PASS	1	1536418	6.50865e-07	0	152310	0	1	1384108	7.22487e-07	nfe	0	0	0	0	0	8.71457e-07	0	0	0	0	0	0	0	0	9.26363e-07	0	0	0	0	0	0	0	0	0	0	0	0
chr20	25082025	.	C	T	.	PASS	1	1536418	6.50865e-07	0	152310	0	1	1384108	7.22487e-07	sas	0	0	0	0	0	0	0	1.18824e-05	0	0	0	0	0	0	0	0	1.26053e-05	0	0	0	0	0	0	0	0	0	0
chr20	25082026	.	C	A	.	EXOMES_FILTERED	0	1536542	0	0	152324	0	0	1384218	0	.	0	0	0	0	0	0	0	0	0	0	0	0	0	0	0	0	0	0	0	0	0	0	0	0	0	0	0
chr20	25082027	.	T	C	.	PASS	15	1536414	9.76299e-06	1	152102	6.57454e-06	14	1384312	1.01133e-05	nfe	0	0	0	0	0	1.30713e-05	0	0	0	0	0	0	0	0	1.29681e-05	0	0	0	0	0	0	0	0	1.47102e-05	0	0	0
chr20	25082027	.	TA	T	.	PASS	1	1536532	6.50816e-07	0	152220	0	1	1384312	7.22381e-07	nfe	0	0	0	0	0	8.71426e-07	0	0	0	0	0	0	0	0	9.26293e-07	0	0	0	0	0	0	0	0	0	0	0	0
chr20	25082028	.	A	G	.	EXOMES_FILTERED	0	1536682	0	0	152266	0	0	1384416	0	.	0	0	0	0	0	0	0	0	0	0	0	0	0	0	0	0	0	0	0	0	0	0	0	0	0	0	0
chr20	25082028	.	A	T	.	EXOMES_FILTERED	0	1536682	0	0	152266	0	0	1384416	0	.	0	0	0	0	0	0	0	0	0	0	0	0	0	0	0	0	0	0	0	0	0	0	0	0	0	0	0
chr20	25082028	.	AG	A	.	PASS	13	1536682	8.45979e-06	0	152266	0	13	1384416	9.39024e-06	eas	0	0	0	0.00031477	0	0	0	0	0	0	0	0	0.000359792	0	0	0	0	0	0	0	0	0	0	0	0	0	0
chr20	25082029	.	G	A	.	EXOMES_FILTERED	0	1536764	0	0	152278	0	0	1384486	0	.	0	0	0	0	0	0	0	0	0	0	0	0	0	0	0	0	0	0	0	0	0	0	0	0	0	0	0
chr20	25082029	.	G	T	.	EXOMES_FILTERED	0	1536766	0	0	152278	0	0	1384488	0	.	0	0	0	0	0	0	0	0	0	0	0	0	0	0	0	0	0	0	0	0	0	0	0	0	0	0	0
chr20	25082030	.	G	T	.	EXOMES_FILTERED	0	1536954	0	0	152310	0	0	1384644	0	.	0	0	0	0	0	0	0	0	0	0	0	0	0	0	0	0	0	0	0	0	0	0	0	0	0	0	0
chr20	25082031	.	G	A	.	PASS	5	1537004	3.25308e-06	0	152334	0	5	1384670	3.61097e-06	sas	0	0	0	0	0	1.74256e-06	0	3.56227e-05	0	0	0	0	0	0	1.85233e-06	0	3.7791e-05	0	0	0	0	0	0	0	0	0	0
chr20	25082031	.	G	T	.	EXOMES_FILTERED	0	1537004	0	0	152334	0	0	1384670	0	.	0	0	0	0	0	0	0	0	0	0	0	0	0	0	0	0	0	0	0	0	0	0	0	0	0	0	0
chr20	31845148	.	C	A	.	PASS	1	1606798	6.22356e-07	0	152354	0	1	1454444	6.87548e-07	.	0	0	0	0	0	0	0	0	1.60927e-05	0	0	0	0	0	0	0	0	1.666e-05	0	0	0	0	0	0	0	0	0
chr20	31845148	.	C	T	.	PASS	8	1606682	4.97921e-06	5	152236	3.28437e-05	3	1454446	2.06264e-06	afr	9.35754e-05	0	0	0	0	0	0	0	1.60984e-05	5.99916e-05	0	0	0	0	0	0	0	1.666e-05	0.000120575	0	0	0	0	0	0	0	0
chr20	31845149	.	C	T	.	EXOMES_FILTERED	0	1606894	0	0	152362	0	0	1454532	0	.	0	0	0	0	0	0	0	0	0	0	0	0	0	0	0	0	0	0	0	0	0	0	0	0	0	0	0
chr20	31845150	.	A	G	.	PASS	17	1607174	1.05776e-05	3	152344	1.96923e-05	14	1454830	9.62312e-06	eas	0	1.67286e-05	0	0.000335285	0	0	0	0	1.60891e-05	0	0	0	0.000328515	0	0	0	0	1.66561e-05	0	6.53168e-05	0	0.000387147	0	0	0	0	0
chr20	31845151	.	C	T	.	PASS	1425	1606950	0.000886773	103	152360	0.00067603	1322	1454590	0.000908847	amr	0.000200171	0.00137234	0.000272907	0	1.61062e-05	0.00102943	0	0.000485555	0.00102973	0.000239952	0.00126007	0.00023218	0	1.94326e-05	0.00103757	0	0.000501247	0.000966055	0.000168285	0.00169824	0.000576037	0	0	0.000896716	0	0.000206954	0.00283822
chr20	31845152	.	G	A	.	PASS	8	1606870	4.97862e-06	0	152366	0	8	1454504	5.50016e-06	eas	0	0	0	6.70451e-05	0	3.40053e-06	0	0	1.60984e-05	0	0	0	7.58188e-05	0	3.60928e-06	0	0	1.66656e-05	0	0	0	0	0	0	0	0	0
chr20	31845152	.	G	C	.	PASS	6	1606870	3.73397e-06	0	152366	0	6	1454504	4.12512e-06	sas	0	0	0	0	0	0	0	6.61945e-05	0	0	0	0	0	0	0	0	6.99236e-05	0	0	0	0	0	0	0	0	0	0
chr20	31845152	.	G	T	.	EXOMES_FILTERED	0	1606870	0	0	152366	0	0	1454504	0	.	0	0	0	0	0	0	0	0	0	0	0	0	0	0	0	0	0	0	0	0	0	0	0	0	0	0	0
chr20	31845153	.	G	T	.	PASS	2	1607134	1.24445e-06	0	152376	0	2	1454758	1.3748e-06	nfe	0	0	0	0	1.60865e-05	8.50058e-07	0	0	0	0	0	0	0	1.94047e-05	9.02234e-07	0	0	0	0	0	0	0	0	0	0	0	0
chr20	31845154	.	C	A	.	PASS	1	1606800	6.22355e-07	0	152354	0	1	1454446	6.87547e-07	.	0	0	0	0	0	0	0	0	1.60979e-05	0	0	0	0	0	0	0	0	1.66656e-05	0	0	0	0	0	0	0	0	0
chr20	31845154	.	C	T	.	PASS	16	1606680	9.95842e-06	7	152236	4.59812e-05	9	1454444	6.18793e-06	afr	0.000133661	0	0	0	0	4.25106e-06	0	1.1037e-05	0	0.000119969	0	0	0	0	3.60964e-06	0	1.16588e-05	0	0.000144669	0	0	0	0	1.4699e-05	0	0	0
chr20	31845155	.	G	A	.	PASS	180	1607142	0.000112	7	152260	4.5974e-05	173	1454882	0.00011891	nfe	5.34631e-05	1.67336e-05	0	0	0	0.000137719	0	4.41005e-05	0.0001449	8.99712e-05	2.24881e-05	0	0	0	0.000140761	0	4.65853e-05	0.000149955	2.41115e-05	0	0	0	0	8.81782e-05	0	0	0
chr20	31845155	.	G	C	.	PASS	1	1607142	6.22223e-07	1	152260	6.56771e-06	0	1454882	0	afr	1.33658e-05	0	0	0	0	0	0	0	0	0	0	0	0	0	0	0	0	0	2.41115e-05	0	0	0	0	0	0	0	0
chr20	31845155	.	G	T	.	EXOMES_FILTERED	0	1607262	0	0	152378	0	0	1454884	0	.	0	0	0	0	0	0	0	0	0	0	0	0	0	0	0	0	0	0	0	0	0	0	0	0	0	0	0
chr20	31845158	.	C	T	.	PASS	3	1607190	1.86661e-06	3	152240	1.97057e-05	0	1454950	0	afr	4.01016e-05	0	0	0	0	0	0	0	0	0	0	0	0	0	0	0	0	0	7.23449e-05	0	0	0	0	0	0	0	0
chr20	31845159	.	C	A	.	PASS	1	1607606	6.22043e-07	0	152374	0	1	1455232	6.87176e-07	nfe	0	0	0	0	0	8.50074e-07	0	0	0	0	0	0	0	0	9.02255e-07	0	0	0	0	0	0	0	0	0	0	0	0
chr20	31845161	.	TGGC	T	.	PASS	1	1607662	6.22021e-07	0	152318	0	1	1455344	6.87123e-07	sas	0	0	0	0	0	0	0	1.10178e-05	0	0	0	0	0	0	0	0	1.16374e-05	0	0	0	0	0	0	0	0	0	0
chr20	31845162	.	G	C	.	PASS	1	1607632	6.22033e-07	1	152258	6.5678e-06	0	1455374	0	afr	1.33661e-05	0	0	0	0	0	0	0	0	0	0	0	0	0	0	0	0	0	2.41127e-05	0	0	0	0	0	0	0	0
chr20	31845163	.	G	T	.	PASS	1	1607488	6.22089e-07	0	152358	0	1	1455130	6.87224e-07	sas	0	0	0	0	0	0	0	1.1022e-05	0	0	0	0	0	0	0	0	1.16414e-05	0	0	0	0	0	0	0	0	0	0
chr20	31845164	.	C	T	.	PASS	46	1606442	2.86347e-05	5	152232	3.28446e-05	41	1454210	2.8194e-05	afr	4.01048e-05	0	0	0	0	3.40163e-05	0	2.20863e-05	1.61072e-05	2.99904e-05	0	0	0	0	3.33974e-05	0	2.33318e-05	1.66694e-05	4.82393e-05	0	0	0	0	4.40956e-05	0	0	0
chr20	31845165	.	G	A	.	PASS	70	1607154	4.35553e-05	7	152242	4.59794e-05	63	1454912	4.33016e-05	nfe	1.33672e-05	0	0	4.46927e-05	0	4.84636e-05	0	3.30739e-05	0.000112725	2.99976e-05	0	0	5.05587e-05	0	4.51217e-05	0	3.49365e-05	0.000116659	0	0	0	0	0	0.000102902	0	0	0
chr20	31845166	.	G	C	.	PASS	1	1607406	6.2212e-07	1	152250	6.56814e-06	0	1455156	0	nfe	0	0	0	0	0	8.50159e-07	0	0	0	0	0	0	0	0	0	0	0	0	0	0	0	0	0	1.46994e-05	0	0	0
chr20	31845168	.	G	T	.	PASS	38	1607614	2.36375e-05	31	152358	0.000203468	7	1455256	4.81015e-06	afr	0.000467028	1.6723e-05	0	0	0	0	0	0	3.21958e-05	0.000149925	2.248e-05	0	0	0	0	0	0	1.66656e-05	0.000721293	0	0	0	0	0	0	0	0.00047259
chr20	31845168	.	GC	G	.	EXOMES_FILTERED	0	1607614	0	0	152358	0	0	1455256	0	.	0	0	0	0	0	0	0	0	0	0	0	0	0	0	0	0	0	0	0	0	0	0	0	0	0	0	0
chr20	31845169	.	C	T	.	PASS	24	1607012	1.49345e-05	9	152380	5.90629e-05	15	1454632	1.03119e-05	afr	0.000146772	0.000100449	0	0	0	8.5021e-07	0	0	9.65935e-05	8.9955e-05	0.000112562	0	0	0	9.02411e-07	0	0	0.0001	0.000192326	6.53083e-05	0	0	0	0	0	0	0
chr20	31845170	.	C	G	.	PASS	1	1608114	6.21846e-07	0	152352	0	1	1455762	6.86925e-07	nfe	0	0	0	0	0	8.49972e-07	0	0	0	0	0	0	0	0	9.02131e-07	0	0	0	0	0	0	0	0	0	0	0	0
chr20	31845170	.	C	T	.	PASS	1	1608114	6.21846e-07	0	152352	0	1	1455762	6.86925e-07	nfe	0	0	0	0	0	8.49972e-07	0	0	0	0	0	0	0	0	9.02131e-07	0	0	0	0	0	0	0	0	0	0	0	0
chr20	31845172	.	C	T	.	PASS	443	1608180	0.000275467	70	152362	0.000459432	373	1455818	0.000256213	afr	0.00105378	0	0	8.93575e-05	0	0.000279626	0.000165618	0.000220371	0.000160823	0.000868836	0	0	7.57882e-05	0	0.000280547	0.000174095	0.000221131	0.000166489	0.00120221	0	0	0.00019305	0	0.000264612	0	0.000206868	0
chr20	31845172	.	CG	C	.	PASS	7	1608062	4.35307e-06	2	152244	1.31368e-05	5	1455818	3.4345e-06	nfe	0	0	0	0	0	5.94945e-06	0	0	0	0	0	0	0	0	4.5104e-06	0	0	0	0	0	0	0	0	2.93979e-05	0	0	0
chr20	31845173	.	G	A	.	PASS	9	1608088	5.59671e-06	2	152236	1.31375e-05	7	1455852	4.80818e-06	afr	4.00791e-05	0	0	0	0	5.09927e-06	0	0	0	2.99545e-05	0	0	0	0	5.41218e-06	0	0	0	4.823e-05	0	0	0	0	0	0	0	0
chr20	31845173	.	G	T	.	PASS	1	1608204	6.21812e-07	0	152354	0	1	1455850	6.86884e-07	.	0	0	0	0	1.59251e-05	0	0	0	0	0	0	0	0	1.91703e-05	0	0	0	0	0	0	0	0	0	0	0	0	0
chr20	31845174	.	G	C	.	PASS	1	1608616	6.21652e-07	1	152248	6.56823e-06	0	1456368	0	nfe	0	0	0	0	0	8.49742e-07	0	0	0	0	0	0	0	0	0	0	0	0	0	0	0	0	0	1.46998e-05	0	0	0
chr20	31845175	.	G	C	.	EXOMES_FILTERED	0	1608922	0	0	152374	0	0	1456548	0	.	0	0	0	0	0	0	0	0	0	0	0	0	0	0	0	0	0	0	0	0	0	0	0	0	0	0	0
chr20	31845176	.	T	C	.	EXOMES_FILTERED	0	1607230	0	0	152296	0	0	1454934	0	.	0	0	0	0	0	0	0	0	0	0	0	0	0	0	0	0	0	0	0	0	0	0	0	0	0	0	0
chr20	31845176	.	T	G	.	EXOMES_FILTERED	1	1607230	6.22188e-07	0	152296	0	1	1454934	6.87316e-07	.	0	0	0	0	1.60359e-05	0	0	0	0	0	0	0	0	1.93259e-05	0	0	0	0	0	0	0	0	0	0	0	0	0
chr20	31845178	.	C	T	.	PASS	2	1608700	1.24324e-06	0	152366	0	2	1456334	1.37331e-06	nfe	0	0	0	0	0	1.6996e-06	0	0	0	0	0	0	0	0	1.80389e-06	0	0	0	0	0	0	0	0	0	0	0	0
chr20	31845179	.	C	A	.	PASS	1	1610288	6.21007e-07	0	152382	0	1	1457906	6.85915e-07	sas	0	0	0	0	0	0	0	1.10023e-05	0	0	0	0	0	0	0	0	1.16198e-05	0	0	0	0	0	0	0	0	0	0
chr20	31845179	.	C	T	.	PASS	3	1610170	1.86316e-06	3	152264	1.97026e-05	0	1457906	0	amr	0	3.34035e-05	0	0	0	8.4902e-07	0	0	0	0	0	0	0	0	0	0	0	0	0	0.00013077	0	0	0	1.46955e-05	0	0	0
chr20	45791989	.	GGGGGCCGGGGGCGCCATGGGAGCCACTGGCGACGCCGAGCAGCCGCGGGGACCTAGC	G	.	EXOMES_FILTERED	0	1245548	0	0	152366	0	0	1093182	0	.	0	0	0	0	0	0	0	0	0	0	0	0	0	0	0	0	0	0	0	0	0	0	0	0	0	0	0
chr20	45792031	.	GCC	G	.	EXOMES_FILTERED	0	1274694	0	0	152328	0	0	1122366	0	.	0	0	0	0	0	0	0	0	0	0	0	0	0	0	0	0	0	0	0	0	0	0	0	0	0	0	0
chr20	45792033	.	C	A	.	EXOMES_FILTERED	0	1275836	0	0	152288	0	0	1123548	0	.	0	0	0	0	0	0	0	0	0	0	0	0	0	0	0	0	0	0	0	0	0	0	0	0	0	0	0
chr20	45792033	.	C	G	.	PASS	1	1275838	7.83799e-07	0	152288	0	1	1123550	8.90036e-07	.	0	0	0	0	0	0	0	0	2.11811e-05	0	0	0	0	0	0	0	0	2.2172e-05	0	0	0	0	0	0	0	0	0
chr20	45792033	.	C	T	.	PASS	2	1275720	1.56774e-06	1	152170	6.5716e-06	1	1123550	8.90036e-07	nfe	0	0	0	0	0	1.98014e-06	0	0	0	0	0	0	0	0	1.06157e-06	0	0	0	0	0	0	0	0	1.4699e-05	0	0	0
chr20	45792034	.	G	A	.	PASS	1	1276424	7.83439e-07	0	152348	0	1	1124076	8.8962e-07	nfe	0	0	0	0	0	9.89746e-07	0	0	0	0	0	0	0	0	1.0612e-06	0	0	0	0	0	0	0	0	0	0	0	0
chr20	45792034	.	G	T	.	EXOMES_FILTERED	0	1276422	0	0	152348	0	0	1124074	0	.	0	0	0	0	0	0	0	0	0	0	0	0	0	0	0	0	0	0	0	0	0	0	0	0	0	0	0
chr20	45792035	.	C	A	.	EXOMES_FILTERED	0	1276878	0	0	152304	0	0	1124574	0	.	0	0	0	0	0	0	0	0	0	0	0	0	0	0	0	0	0	0	0	0	0	0	0	0	0	0	0
chr20	45792035	.	C	T	.	EXOMES_FILTERED	0	1276874	0	0	152304	0	0	1124570	0	.	0	0	0	0	0	0	0	0	0	0	0	0	0	0	0	0	0	0	0	0	0	0	0	0	0	0	0
chr20	45792035	.	CG	C	.	PASS	1	1276874	7.83163e-07	0	152304	0	1	1124570	8.89229e-07	nfe	0	0	0	0	0	9.89494e-07	0	0	0	0	0	0	0	0	1.0609e-06	0	0	0	0	0	0	0	0	0	0	0	0
chr20	45792036	.	G	A	.	EXOMES_FILTERED	0	1277338	0	0	152324	0	0	1125014	0	.	0	0	0	0	0	0	0	0	0	0	0	0	0	0	0	0	0	0	0	0	0	0	0	0	0	0	0
chr20	45792036	.	G	T	.	PASS	1	1277332	7.82882e-07	0	152324	0	1	1125008	8.88883e-07	.	0	0	0	0	2.9036e-05	0	0	0	0	0	0	0	0	4.19921e-05	0	0	0	0	0	0	0	0	0	0	0	0	0
chr20	45792037	.	G	A	.	EXOMES_FILTERED	1	1277560	7.82742e-07	1	152236	6.56875e-06	0	1125324	0	nfe	0	0	0	0	0	9.88985e-07	0	0	0	0	0	0	0	0	0	0	0	0	0	0	0	0	0	1.46968e-05	0	0	0
chr20	45792037	.	G	C	.	EXOMES_FILTERED	0	1277678	0	0	152354	0	0	1125324	0	.	0	0	0	0	0	0	0	0	0	0	0	0	0	0	0	0	0	0	0	0	0	0	0	0	0	0	0
chr20	45792037	.	G	T	.	EXOMES_FILTERED	0	1277678	0	0	152354	0	0	1125324	0	.	0	0	0	0	0	0	0	0	0	0	0	0	0	0	0	0	0	0	0	0	0	0	0	0	0	0	0
chr20	45792038	.	G	A	.	EXOMES_FILTERED	1	1277930	7.82515e-07	1	152218	6.56953e-06	0	1125712	0	afr	1.51469e-05	0	0	0	0	0	0	0	0	0	0	0	0	0	0	0	0	0	2.41127e-05	0	0	0	0	0	0	0	0
chr20	45792038	.	G	C	.	EXOMES_FILTERED	0	1278048	0	0	152336	0	0	1125712	0	.	0	0	0	0	0	0	0	0	0	0	0	0	0	0	0	0	0	0	0	0	0	0	0	0	0	0	0
chr20	45792038	.	G	GTGTA	.	EXOMES_FILTERED	0	1278048	0	0	152336	0	0	1125712	0	.	0	0	0	0	0	0	0	0	0	0	0	0	0	0	0	0	0	0	0	0	0	0	0	0	0	0	0
chr20	45792038	.	G	T	.	EXOMES_FILTERED	0	1278046	0	0	152336	0	0	1125710	0	.	0	0	0	0	0	0	0	0	0	0	0	0	0	0	0	0	0	0	0	0	0	0	0	0	0	0	0
chr20	45792039	.	G	A	.	EXOMES_FILTERED	0	1278400	0	0	152336	0	0	1126064	0	.	0	0	0	0	0	0	0	0	0	0	0	0	0	0	0	0	0	0	0	0	0	0	0	0	0	0	0
chr20	45792039	.	G	T	.	EXOMES_FILTERED	0	1278400	0	0	152336	0	0	1126064	0	.	0	0	0	0	0	0	0	0	0	0	0	0	0	0	0	0	0	0	0	0	0	0	0	0	0	0	0
chr20	45792040	.	A	C	.	EXOMES_FILTERED	0	1278532	0	0	152188	0	0	1126344	0	.	0	0	0	0	0	0	0	0	0	0	0	0	0	0	0	0	0	0	0	0	0	0	0	0	0	0	0
chr20	45792040	.	A	G	.	EXOMES_FILTERED	0	1278532	0	0	152188	0	0	1126344	0	.	0	0	0	0	0	0	0	0	0	0	0	0	0	0	0	0	0	0	0	0	0	0	0	0	0	0	0
chr20	45792040	.	A	T	.	EXOMES_FILTERED	0	1278530	0	0	152188	0	0	1126342	0	.	0	0	0	0	0	0	0	0	0	0	0	0	0	0	0	0	0	0	0	0	0	0	0	0	0	0	0
chr20	45792041	.	C	A	.	EXOMES_FILTERED	0	1278888	0	0	152314	0	0	1126574	0	.	0	0	0	0	0	0	0	0	0	0	0	0	0	0	0	0	0	0	0	0	0	0	0	0	0	0	0
chr20	45792041	.	C	G	.	PASS	9	1278770	7.03801e-06	3	152196	1.97114e-05	6	1126574	5.32588e-06	.	0	0	0	0	0.000260146	0	0	0	0	0	0	0	0	0.000250334	0	0	0	0	0	0	0	0	0.000282273	0	0	0	0
chr20	45792041	.	C	T	.	PASS	3	1278888	2.34579e-06	0	152314	0	3	1126574	2.66294e-06	nfe	0	0	0	0	0	2.96496e-06	0	0	0	0	0	0	0	0	3.17862e-06	0	0	0	0	0	0	0	0	0	0	0	0
chr20	45792042	.	C	A	.	EXOMES_FILTERED	0	1279480	0	0	152296	0	0	1127184	0	.	0	0	0	0	0	0	0	0	0	0	0	0	0	0	0	0	0	0	0	0	0	0	0	0	0	0	0
chr20	45792042	.	C	T	.	EXOMES_FILTERED	0	1279480	0	0	152296	0	0	1127184	0	.	0	0	0	0	0	0	0	0	0	0	0	0	0	0	0	0	0	0	0	0	0	0	0	0	0	0	0
chr20	45792042	.	CT	C	.	EXOMES_FILTERED	0	1279480	0	0	152296	0	0	1127184	0	.	0	0	0	0	0	0	0	0	0	0	0	0	0	0	0	0	0	0	0	0	0	0	0	0	0	0	0
chr20	45792042	.	CTAGCGGGGCCGAGAGGGGCGGCTTGGAGCTGGGGGATGCGGGCG	C	.	EXOMES_FILTERED	0	1279472	0	0	152296	0	0	1127176	0	.	0	0	0	0	0	0	0	0	0	0	0	0	0	0	0	0	0	0	0	0	0	0	0	0	0	0	0
chr20	45792043	.	T	A	.	EXOMES_FILTERED	0	1279468	0	0	152148	0	0	1127320	0	.	0	0	0	0	0	0	0	0	0	0	0	0	0	0	0	0	0	0	0	0	0	0	0	0	0	0	0
chr20	45792043	.	T	C	.	PASS	916839	1279006	0.716837	108061	152148	0.710236	808778	1126858	0.717728	amr	0.707954	0.79417	0.603954	0.672708	0.701062	0.725055	0.629162	0.565382	0.690299	0.704913	0.820796	0.601387	0.680587	0.703085	0.725393	0.629371	0.56511	0.689894	0.709754	0.766444	0.615052	0.626747	0.696472	0.720364	0.626712	0.566777	0.69896
chr20	45792043	.	T	G	.	EXOMES_FILTERED	0	1279470	0	0	152148	0	0	1127322	0	.	0	0	0	0	0	0	0	0	0	0	0	0	0	0	0	0	0	0	0	0	0	0	0	0	0	0	0
chr20	45792043	.	TAG	T	.	EXOMES_FILTERED	0	1279470	0	0	152148	0	0	1127322	0	.	0	0	0	0	0	0	0	0	0	0	0	0	0	0	0	0	0	0	0	0	0	0	0	0	0	0	0
chr20	45792043	.	TAGCGGGGC	T	.	GENOMES_FILTERED	0	1278900	0	0	152056	0	0	1126844	0	.	0	0	0	0	0	0	0	0	0	0	0	0	0	0	0	0	0	0	0	0	0	0	0	0	0	0	0
chr20	45792044	.	A	C	.	PASS	1	1280960	7.80665e-07	0	152274	0	1	1128686	8.85986e-07	nfe	0	0	0	0	0	9.87436e-07	0	0	0	0	0	0	0	0	1.05851e-06	0	0	0	0	0	0	0	0	0	0	0	0
chr20	45792044	.	A	G	.	EXOMES_FILTERED	0	1280960	0	0	152274	0	0	1128686	0	.	0	0	0	0	0	0	0	0	0	0	0	0	0	0	0	0	0	0	0	0	0	0	0	0	0	0	0
chr20	45792045	.	G	A	.	EXOMES_FILTERED	0	1281212	0	0	152334	0	0	1128878	0	.	0	0	0	0	0	0	0	0	0	0	0	0	0	0	0	0	0	0	0	0	0	0	0	0	0	0	0
chr20	45792045	.	G	T	.	EXOMES_FILTERED	0	1281212	0	0	152334	0	0	1128878	0	.	0	0	0	0	0	0	0	0	0	0	0	0	0	0	0	0	0	0	0	0	0	0	0	0	0	0	0
chr20	45792045	.	GC	G	.	EXOMES_FILTERED	0	1281212	0	0	152334	0	0	1128878	0	.	0	0	0	0	0	0	0	0	0	0	0	0	0	0	0	0	0	0	0	0	0	0	0	0	0	0	0
chr20	45792046	.	C	A	.	EXOMES_FILTERED	0	1280990	0	0	152302	0	0	1128688	0	.	0	0	0	0	0	0	0	0	0	0	0	0	0	0	0	0	0	0	0	0	0	0	0	0	0	0	0
chr20	45792046	.	C	G	.	EXOMES_FILTERED	0	1280996	0	0	152302	0	0	1128694	0	.	0	0	0	0	0	0	0	0	0	0	0	0	0	0	0	0	0	0	0	0	0	0	0	0	0	0	0
chr20	45792046	.	C	T	.	PASS	14	1280876	1.093e-05	1	152184	6.57099e-06	13	1128692	1.15178e-05	nfe	0	0	0	0	0	1.28361e-05	0	0	2.10899e-05	0	0	0	0	0	1.27018e-05	0	0	2.20643e-05	0	0	0	0	0	1.47007e-05	0	0	0
chr20	45792046	.	CG	C	.	EXOMES_FILTERED	0	1280994	0	0	152302	0	0	1128692	0	.	0	0	0	0	0	0	0	0	0	0	0	0	0	0	0	0	0	0	0	0	0	0	0	0	0	0	0
chr20	45792047	.	G	A	.	EXOMES_FILTERED	0	1281342	0	0	152344	0	0	1128998	0	.	0	0	0	0	0	0	0	0	0	0	0	0	0	0	0	0	0	0	0	0	0	0	0	0	0	0	0
chr20	45792047	.	G	T	.	EXOMES_FILTERED	0	1281342	0	0	152344	0	0	1128998	0	.	0	0	0	0	0	0	0	0	0	0	0	0	0	0	0	0	0	0	0	0	0	0	0	0	0	0	0
chr20	45792048	.	G	A	.	EXOMES_FILTERED	0	1281818	0	0	152354	0	0	1129464	0	.	0	0	0	0	0	0	0	0	0	0	0	0	0	0	0	0	0	0	0	0	0	0	0	0	0	0	0
chr20	45792048	.	G	C	.	PASS	2	1281818	1.56028e-06	0	152354	0	2	1129464	1.77075e-06	nfe	0	0	0	0	0	1.97382e-06	0	0	0	0	0	0	0	0	2.11588e-06	0	0	0	0	0	0	0	0	0	0	0	0
chr20	45792048	.	G	GT	.	EXOMES_FILTERED	0	1281818	0	0	152354	0	0	1129464	0	.	0	0	0	0	0	0	0	0	0	0	0	0	0	0	0	0	0	0	0	0	0	0	0	0	0	0	0
chr20	45792048	.	G	T	.	PASS	2	1281818	1.56028e-06	0	152354	0	2	1129464	1.77075e-06	afr	1.50934e-05	0	0	0	2.85698e-05	0	0	0	0	4.05482e-05	0	0	0	4.10273e-05	0	0	0	0	0	0	0	0	0	0	0	0	0
chr20	45792049	.	G	A	.	EXOMES_FILTERED	0	1282162	0	0	152350	0	0	1129812	0	.	0	0	0	0	0	0	0	0	0	0	0	0	0	0	0	0	0	0	0	0	0	0	0	0	0	0	0
chr20	45792049	.	G	GGTC	.	EXOMES_FILTERED	0	1282162	0	0	152350	0	0	1129812	0	.	0	0	0	0	0	0	0	0	0	0	0	0	0	0	0	0	0	0	0	0	0	0	0	0	0	0	0
chr20	45792049	.	G	T	.	PASS	1	1282162	7.79933e-07	0	152350	0	1	1129812	8.85103e-07	.	0	0	0	0	2.85209e-05	0	0	0	0	0	0	0	0	4.09299e-05	0	0	0	0	0	0	0	0	0	0	0	0	0
chr20	45792050	.	G	A	.	EXOMES_FILTERED	0	1282390	0	0	152346	0	0	1130044	0	.	0	0	0	0	0	0	0	0	0	0	0	0	0	0	0	0	0	0	0	0	0	0	0	0	0	0	0
chr20	45792050	.	G	C	.	EXOMES_FILTERED	0	1282392	0	0	152346	0	0	1130046	0	.	0	0	0	0	0	0	0	0	0	0	0	0	0	0	0	0	0	0	0	0	0	0	0	0	0	0	0
chr20	45792050	.	G	T	.	EXOMES_FILTERED	0	1282388	0	0	152346	0	0	1130042	0	.	0	0	0	0	0	0	0	0	0	0	0	0	0	0	0	0	0	0	0	0	0	0	0	0	0	0	0
chr20	45792051	.	C	A	.	EXOMES_FILTERED	0	1282470	0	0	152318	0	0	1130152	0	.	0	0	0	0	0	0	0	0	0	0	0	0	0	0	0	0	0	0	0	0	0	0	0	0	0	0	0
chr20	45792051	.	C	G	.	EXOMES_FILTERED	0	1282476	0	0	152318	0	0	1130158	0	.	0	0	0	0	0	0	0	0	0	0	0	0	0	0	0	0	0	0	0	0	0	0	0	0	0	0	0
chr20	45792051	.	C	T	.	EXOMES_FILTERED	0	1282476	0	0	152318	0	0	1130158	0	.	0	0	0	0	0	0	0	0	0	0	0	0	0	0	0	0	0	0	0	0	0	0	0	0	0	0	0
chr20	45792052	.	C	A	.	EXOMES_FILTERED	0	1282852	0	0	152320	0	0	1130532	0	.	0	0	0	0	0	0	0	0	0	0	0	0	0	0	0	0	0	0	0	0	0	0	0	0	0	0	0
chr20	45792052	.	C	G	.	PASS	19	1282734	1.48121e-05	1	152202	6.57022e-06	18	1130532	1.59217e-05	nfe	0	0	0	0	0	1.67669e-05	0	0	4.21354e-05	0	0	0	0	0	1.69155e-05	0	0	4.40781e-05	0	0	0	0	0	1.47003e-05	0	0	0
chr20	45792052	.	C	T	.	EXOMES_FILTERED	0	1282852	0	0	152320	0	0	1130532	0	.	0	0	0	0	0	0	0	0	0	0	0	0	0	0	0	0	0	0	0	0	0	0	0	0	0	0	0
chr20	45792053	.	G	A	.	PASS	7	1283506	5.45381e-06	0	152358	0	7	1131148	6.1884e-06	nfe	0	0	0	0	0	6.90188e-06	0	0	0	0	0	0	0	0	7.39812e-06	0	0	0	0	0	0	0	0	0	0	0	0
chr20	45792053	.	G	C	.	PASS	1	1283506	7.79116e-07	0	152358	0	1	1131148	8.84058e-07	nfe	0	0	0	0	0	9.85983e-07	0	0	0	0	0	0	0	0	1.05687e-06	0	0	0	0	0	0	0	0	0	0	0	0
chr20	45792053	.	G	GTATCATTAAA	.	EXOMES_FILTERED	0	1283506	0	0	152358	0	0	1131148	0	.	0	0	0	0	0	0	0	0	0	0	0	0	0	0	0	0	0	0	0	0	0	0	0	0	0	0	0
chr20	45792053	.	G	T	.	PASS	1	1283506	7.79116e-07	0	152358	0	1	1131148	8.84058e-07	nfe	0	0	0	0	0	9.85983e-07	0	0	0	0	0	0	0	0	1.05687e-06	0	0	0	0	0	0	0	0	0	0	0	0
chr20	45792054	.	A	G	.	EXOMES_FILTERED	0	1283834	0	0	152314	0	0	1131520	0	.	0	0	0	0	0	0	0	0	0	0	0	0	0	0	0	0	0	0	0	0	0	0	0	0	0	0	0
chr20	45792054	.	A	T	.	EXOMES_FILTERED	0	1283834	0	0	152314	0	0	1131520	0	.	0	0	0	0	0	0	0	0	0	0	0	0	0	0	0	0	0	0	0	0	0	0	0	0	0	0	0
chr20	45792055	.	G	A	.	PASS	1	1284354	7.78602e-07	0	152360	0	1	1131994	8.83397e-07	nfe	0	0	0	0	0	9.85499e-07	0	0	0	0	0	0	0	0	1.05631e-06	0	0	0	0	0	0	0	0	0	0	0	0
chr20	45792055	.	G	C	.	EXOMES_FILTERED	0	1284354	0	0	152360	0	0	1131994	0	.	0	0	0	0	0	0	0	0	0	0	0	0	0	0	0	0	0	0	0	0	0	0	0	0	0	0	0
chr20	45792055	.	G	T	.	EXOMES_FILTERED	0	1284352	0	0	152360	0	0	1131992	0	.	0	0	0	0	0	0	0	0	0	0	0	0	0	0	0	0	0	0	0	0	0	0	0	0	0	0	0
chr20	45792056	.	A	G	.	PASS	1	1284344	7.78608e-07	0	152238	0	1	1132106	8.8331e-07	eas	0	0	0	2.82008e-05	0	0	0	0	0	0	0	0	3.30098e-05	0	0	0	0	0	0	0	0	0	0	0	0	0	0
chr20	45792056	.	A	T	.	EXOMES_FILTERED	0	1284344	0	0	152238	0	0	1132106	0	.	0	0	0	0	0	0	0	0	0	0	0	0	0	0	0	0	0	0	0	0	0	0	0	0	0	0	0
chr20	45792056	.	AG	A	.	EXOMES_FILTERED	0	1284342	0	0	152238	0	0	1132104	0	.	0	0	0	0	0	0	0	0	0	0	0	0	0	0	0	0	0	0	0	0	0	0	0	0	0	0	0
chr20	45792056	.	AGGGGCGGCTTG	A	.	EXOMES_FILTERED	0	1284344	0	0	152238	0	0	1132106	0	.	0	0	0	0	0	0	0	0	0	0	0	0	0	0	0	0	0	0	0	0	0	0	0	0	0	0	0
chr20	45792056	.	AGGGGCGGCTTGGAGCTGGGGGATGCGGGCGCAGC	A	.	EXOMES_FILTERED	0	1284344	0	0	152238	0	0	1132106	0	.	0	0	0	0	0	0	0	0	0	0	0	0	0	0	0	0	0	0	0	0	0	0	0	0	0	0	0
chr20	45792057	.	G	A	.	PASS	5	1284428	3.89278e-06	1	152234	6.56883e-06	4	1132194	3.53296e-06	nfe	0	0	0	0	0	4.92676e-06	0	0	0	0	0	0	0	0	4.22464e-06	0	0	0	0	0	0	0	0	1.46972e-05	0	0	0
chr20	45792057	.	G	T	.	EXOMES_FILTERED	0	1284542	0	0	152352	0	0	1132190	0	.	0	0	0	0	0	0	0	0	0	0	0	0	0	0	0	0	0	0	0	0	0	0	0	0	0	0	0
chr20	45792058	.	G	A	.	PASS	3	1284912	2.33479e-06	0	152344	0	3	1132568	2.64885e-06	amr	0	9.42389e-05	0	0	0	0	0	0	0	0	0.000181488	0	0	0	0	0	0	0	0	0	0	0	0	0	0	0	0
chr20	45792058	.	G	T	.	EXOMES_FILTERED	0	1284912	0	0	152344	0	0	1132568	0	.	0	0	0	0	0	0	0	0	0	0	0	0	0	0	0	0	0	0	0	0	0	0	0	0	0	0	0
chr20	45792059	.	G	A	.	PASS	8	1285156	6.22493e-06	0	152346	0	8	1132810	7.06208e-06	nfe	0	0	0	0	0	7.88034e-06	0	0	0	0	0	0	0	0	8.44628e-06	0	0	0	0	0	0	0	0	0	0	0	0
chr20	45792059	.	G	C	.	EXOMES_FILTERED	0	1285156	0	0	152346	0	0	1132810	0	.	0	0	0	0	0	0	0	0	0	0	0	0	0	0	0	0	0	0	0	0	0	0	0	0	0	0	0
chr20	45792059	.	G	T	.	EXOMES_FILTERED	0	1285156	0	0	152346	0	0	1132810	0	.	0	0	0	0	0	0	0	0	0	0	0	0	0	0	0	0	0	0	0	0	0	0	0	0	0	0	0
chr20	45792060	.	G	A	.	EXOMES_FILTERED	0	1285120	0	0	152344	0	0	1132776	0	.	0	0	0	0	0	0	0	0	0	0	0	0	0	0	0	0	0	0	0	0	0	0	0	0	0	0	0
chr20	45792060	.	G	C	.	EXOMES_FILTERED	0	1285120	0	0	152344	0	0	1132776	0	.	0	0	0	0	0	0	0	0	0	0	0	0	0	0	0	0	0	0	0	0	0	0	0	0	0	0	0
chr20	45792060	.	G	T	.	EXOMES_FILTERED	0	1285120	0	0	152344	0	0	1132776	0	.	0	0	0	0	0	0	0	0	0	0	0	0	0	0	0	0	0	0	0	0	0	0	0	0	0	0	0
chr20	45792061	.	C	A	.	EXOMES_FILTERED	0	1285030	0	0	152302	0	0	1132728	0	.	0	0	0	0	0	0	0	0	0	0	0	0	0	0	0	0	0	0	0	0	0	0	0	0	0	0	0
chr20	45792061	.	C	G	.	EXOMES_FILTERED	0	1285030	0	0	152302	0	0	1132728	0	.	0	0	0	0	0	0	0	0	0	0	0	0	0	0	0	0	0	0	0	0	0	0	0	0	0	0	0
chr20	45792061	.	C	T	.	PASS	1	1285030	7.78192e-07	0	152302	0	1	1132728	8.82824e-07	nfe	0	0	0	0	0	9.85084e-07	0	0	0	0	0	0	0	0	1.05583e-06	0	0	0	0	0	0	0	0	0	0	0	0
chr20	45792061	.	CGG	C	.	EXOMES_FILTERED	0	1285030	0	0	152302	0	0	1132728	0	.	0	0	0	0	0	0	0	0	0	0	0	0	0	0	0	0	0	0	0	0	0	0	0	0	0	0	0
chr20	45792062	.	G	A	.	EXOMES_FILTERED	0	1285642	0	0	152342	0	0	1133300	0	.	0	0	0	0	0	0	0	0	0	0	0	0	0	0	0	0	0	0	0	0	0	0	0	0	0	0	0
chr20	45792062	.	G	T	.	EXOMES_FILTERED	0	1285642	0	0	152342	0	0	1133300	0	.	0	0	0	0	0	0	0	0	0	0	0	0	0	0	0	0	0	0	0	0	0	0	0	0	0	0	0
chr20	45792063	.	G	A	.	EXOMES_FILTERED	0	1285772	0	0	152340	0	0	1133432	0	.	0	0	0	0	0	0	0	0	0	0	0	0	0	0	0	0	0	0	0	0	0	0	0	0	0	0	0
chr20	45792063	.	G	T	.	PASS	6	1285656	4.66688e-06	1	152222	6.56935e-06	5	1133434	4.41137e-06	afr	4.53227e-05	0	0	0	0	2.95401e-06	0	0	0	8.08865e-05	0	0	0	0	3.16612e-06	0	0	0	2.41161e-05	0	0	0	0	0	0	0	0
chr20	45792064	.	C	A	.	EXOMES_FILTERED	0	1285994	0	0	152330	0	0	1133664	0	.	0	0	0	0	0	0	0	0	0	0	0	0	0	0	0	0	0	0	0	0	0	0	0	0	0	0	0
chr20	45792064	.	C	T	.	EXOMES_FILTERED	0	1285996	0	0	152330	0	0	1133666	0	.	0	0	0	0	0	0	0	0	0	0	0	0	0	0	0	0	0	0	0	0	0	0	0	0	0	0	0
chr20	45792065	.	T	A	.	PASS	1	1286170	7.77502e-07	0	152280	0	1	1133890	8.8192e-07	.	0	0	0	0	0	0	0	0	2.10075e-05	0	0	0	0	0	0	0	0	2.19819e-05	0	0	0	0	0	0	0	0	0
chr20	45792065	.	T	C	.	EXOMES_FILTERED	0	1286170	0	0	152280	0	0	1133890	0	.	0	0	0	0	0	0	0	0	0	0	0	0	0	0	0	0	0	0	0	0	0	0	0	0	0	0	0
chr20	63735300	.	G	A	.	EXOMES_FILTERED	0	1601312	0	0	152392	0	0	1448920	0	.	0	0	0	0	0	0	0	0	0	0	0	0	0	0	0	0	0	0	0	0	0	0	0	0	0	0	0
chr20	63735300	.	G	T	.	PASS	1	1601312	6.24488e-07	0	152392	0	1	1448920	6.90169e-07	nfe	0	0	0	0	0	8.51766e-07	0	0	0	0	0	0	0	0	9.04161e-07	0	0	0	0	0	0	0	0	0	0	0	0
chr20	63735301	.	C	T	.	PASS	1	1600414	6.24838e-07	0	152384	0	1	1448030	6.90593e-07	nfe	0	0	0	0	0	8.52057e-07	0	0	0	0	0	0	0	0	9.04486e-07	0	0	0	0	0	0	0	0	0	0	0	0
chr20	63735302	.	C	A	.	EXOMES_FILTERED	0	1599808	0	0	152366	0	0	1447442	0	.	0	0	0	0	0	0	0	0	0	0	0	0	0	0	0	0	0	0	0	0	0	0	0	0	0	0	0
chr20	63735302	.	C	T	.	PASS	27	1599692	1.68782e-05	1	152248	6.56823e-06	26	1447444	1.79627e-05	afr	2.68644e-05	0	0	2.24065e-05	0	1.70453e-05	0	2.2414e-05	3.23509e-05	3.03177e-05	0	0	2.53601e-05	0	1.80945e-05	0	2.36989e-05	3.34851e-05	2.41173e-05	0	0	0	0	0	0	0	0
chr20	63735302	.	CG	C	.	PASS	1	1599808	6.25075e-07	0	152366	0	1	1447442	6.90874e-07	nfe	0	0	0	0	0	8.52271e-07	0	0	0	0	0	0	0	0	9.04725e-07	0	0	0	0	0	0	0	0	0	0	0	0
chr20	63735303	.	G	A	.	PASS	49	1596816	3.06861e-05	6	152266	3.94047e-05	43	1444550	2.97671e-05	mid	0	1.75877e-05	0	2.24346e-05	0	2.9005e-05	0.000499667	5.63114e-05	8.10504e-05	0	0	0	2.53975e-05	0	2.80754e-05	0.000527426	3.5733e-05	8.38982e-05	0	6.53937e-05	0	0	0	4.40904e-05	0	0.000413565	0
chr20	63735303	.	G	C	.	EXOMES_FILTERED	0	1596934	0	0	152384	0	0	1444550	0	.	0	0	0	0	0	0	0	0	0	0	0	0	0	0	0	0	0	0	0	0	0	0	0	0	0	0	0
chr20	63735303	.	G	T	.	EXOMES_FILTERED	0	1596932	0	0	152384	0	0	1444548	0	.	0	0	0	0	0	0	0	0	0	0	0	0	0	0	0	0	0	0	0	0	0	0	0	0	0	0	0
chr20	63735304	.	G	A	.	PASS	3	1598214	1.8771e-06	0	152372	0	3	1445842	2.07492e-06	nfe	0	0	0	0	0	2.55802e-06	0	0	0	0	0	0	0	0	2.71554e-06	0	0	0	0	0	0	0	0	0	0	0	0
chr20	63735304	.	G	T	.	EXOMES_FILTERED	0	1598214	0	0	152372	0	0	1445842	0	.	0	0	0	0	0	0	0	0	0	0	0	0	0	0	0	0	0	0	0	0	0	0	0	0	0	0	0
chr20	63735305	.	G	A	.	PASS	2	1598192	1.25141e-06	0	152374	0	2	1445818	1.3833e-06	nfe	0	0	0	0	0	8.52675e-07	0	0	1.61907e-05	0	0	0	0	0	9.05179e-07	0	0	1.6765e-05	0	0	0	0	0	0	0	0	0
chr20	63735306	.	G	T	.	PASS	1	1597980	6.2579e-07	0	152386	0	1	1445594	6.91757e-07	afr	1.34257e-05	0	0	0	0	0	0	0	0	3.04099e-05	0	0	0	0	0	0	0	0	0	0	0	0	0	0	0	0	0
chr20	63735309	.	G	A	.	PASS	1	1596278	6.26457e-07	0	152386	0	1	1443892	6.92573e-07	nfe	0	0	0	0	0	8.53379e-07	0	0	0	0	0	0	0	0	9.05976e-07	0	0	0	0	0	0	0	0	0	0	0	0
chr20	63735309	.	G	T	.	EXOMES_FILTERED	0	1596278	0	0	152386	0	0	1443892	0	.	0	0	0	0	0	0	0	0	0	0	0	0	0	0	0	0	0	0	0	0	0	0	0	0	0	0	0
chr20	63735310	.	A	C	.	PASS	1	1596044	6.26549e-07	0	152352	0	1	1443692	6.92669e-07	nfe	0	0	0	0	0	8.5349e-07	0	0	0	0	0	0	0	0	9.06094e-07	0	0	0	0	0	0	0	0	0	0	0	0
chr20	63735311	.	G	A	.	PASS	5	1595912	3.133e-06	0	152374	0	5	1443538	3.46371e-06	nfe	0	0	0	0	0	4.26776e-06	0	0	0	0	0	0	0	0	4.53085e-06	0	0	0	0	0	0	0	0	0	0	0	0
chr20	63735311	.	G	C	.	PASS	2	1595912	1.2532e-06	0	152374	0	2	1443538	1.38548e-06	afr	1.34311e-05	0	0	0	0	8.53553e-07	0	0	0	3.04303e-05	0	0	0	0	9.0617e-07	0	0	0	0	0	0	0	0	0	0	0	0
chr20	63735311	.	G	T	.	EXOMES_FILTERED	0	1595912	0	0	152374	0	0	1443538	0	.	0	0	0	0	0	0	0	0	0	0	0	0	0	0	0	0	0	0	0	0	0	0	0	0	0	0	0
chr20	63735312	.	G	A	.	PASS	5	1593080	3.13857e-06	0	152374	0	5	1440706	3.47052e-06	nfe	0	0	0	0	0	4.27101e-06	0	0	0	0	0	0	0	0	4.53451e-06	0	0	0	0	0	0	0	0	0	0	0	0
chr20	63735313	.	G	A	.	PASS	3	1590788	1.88586e-06	0	152386	0	3	1438402	2.08565e-06	nfe	0	0	0	0	0	2.5647e-06	0	0	0	0	0	0	0	0	2.72308e-06	0	0	0	0	0	0	0	0	0	0	0	0
chr20	63735314	.	G	A	.	PASS	1	1590816	6.28608e-07	0	152384	0	1	1438432	6.95201e-07	nfe	0	0	0	0	0	8.54888e-07	0	0	0	0	0	0	0	0	9.0768e-07	0	0	0	0	0	0	0	0	0	0	0	0
chr20	63735314	.	G	T	.	PASS	16	1590700	1.00585e-05	9	152266	5.91071e-05	7	1438434	4.8664e-06	afr	0.000202446	0	0	0	0	0	0	0	1.62771e-05	0.000183925	0	0	0	0	0	0	0	1.68515e-05	0.000217014	0	0	0	0	0	0	0	0
chr20	63735314	.	GC	G	.	EXOMES_FILTERED	0	1590816	0	0	152384	0	0	1438432	0	.	0	0	0	0	0	0	0	0	0	0	0	0	0	0	0	0	0	0	0	0	0	0	0	0	0	0	0
