chrX	15823073	.	GGGACCGCAGCAGGGACCGCAGCCGGGGCC	G	.	PASS	1	1210559	8.26065e-07	0	113647	0	1	1096912	9.1165e-07	nfe	0	0	0	0	0	1.1176e-06	0	0	0	0	0	0	0	0	1.18855e-06	0	0	0	0	0	0	0	0	0	0	0	0
chrX	15823090	.	CGCAGCCGGGGCCGGG	C	.	PASS	4	1206557	3.31522e-06	1	111472	8.97086e-06	3	1095085	2.73951e-06	nfe	0	0	0	0	0	4.47754e-06	0	0	0	0	0	0	0	0	3.57006e-06	0	0	0	0	0	0	0	0	1.88587e-05	0	0	0
chrX	15823095	.	C	T	.	EXOMES_FILTERED	2	1206484	1.65771e-06	0	112715	0	2	1093769	1.82854e-06	nfe	0	0	0	0	0	2.23993e-06	0	0	0	0	0	0	0	0	2.38188e-06	0	0	0	0	0	0	0	0	0	0	0	0
chrX	15823096	.	C	A	.	PASS	12	1204192	9.96519e-06	2	111222	1.79821e-05	10	1092970	9.14938e-06	mid	1.76969e-05	2.20167e-05	0	0	0	1.00907e-05	0.00024079	0	0	3.81243e-05	2.87447e-05	0	0	0	8.34373e-06	0.000255363	0	0	0	0	0	0	0	3.77651e-05	0	0	0
chrX	15823096	.	C	G	.	PASS	2	1205547	1.659e-06	0	112577	0	2	1092970	1.82988e-06	nfe	0	0	0	0	0	2.24183e-06	0	0	0	0	0	0	0	0	2.38392e-06	0	0	0	0	0	0	0	0	0	0	0	0
chrX	15823096	.	CG	C	.	PASS	1	1205547	8.29499e-07	0	112577	0	1	1092970	9.14938e-07	nfe	0	0	0	0	0	1.12092e-06	0	0	0	0	0	0	0	0	1.19196e-06	0	0	0	0	0	0	0	0	0	0	0	0
chrX	15823097	.	G	A	.	PASS	3	1205900	2.48777e-06	1	111507	8.96805e-06	2	1094393	1.8275e-06	amr	0	2.19916e-05	0	0	0	2.23953e-06	0	0	0	0	0	0	0	0	2.38095e-06	0	0	0	0	9.39055e-05	0	0	0	0	0	0	0
chrX	15823097	.	G	T	.	PASS	1	1207354	8.28257e-07	0	112961	0	1	1094393	9.13749e-07	eas	0	0	0	2.96279e-05	0	0	0	0	0	0	0	0	3.32071e-05	0	0	0	0	0	0	0	0	0	0	0	0	0	0
chrX	15823099	.	G	GGCCGGGGCAGCCGGA	.	PASS	26	1204330	2.15888e-05	5	111279	4.49321e-05	21	1093051	1.92123e-05	eas	1.76988e-05	0	0	5.93472e-05	0	2.57903e-05	0	0	0	0	0	0	6.63944e-05	0	2.26507e-05	0	0	0	3.30033e-05	0	0	0	0	7.55002e-05	0	0	0
chrX	15823099	.	G	GGCCGGGGCAGCCGGAGCCGGA	.	EXOMES_FILTERED	2	1205791	1.65866e-06	0	112740	0	2	1093051	1.82974e-06	amr	0	2.18838e-05	0	0	0	1.12103e-06	0	0	0	0	2.87043e-05	0	0	0	1.19214e-06	0	0	0	0	0	0	0	0	0	0	0	0
chrX	15823099	.	GGCCGGGGCAGCCGGAGCCGGA	G	.	PASS	1	1204329	8.30338e-07	1	111279	8.98642e-06	0	1093050	0	nfe	0	0	0	0	0	1.12132e-06	0	0	0	0	0	0	0	0	0	0	0	0	0	0	0	0	0	1.8875e-05	0	0	0
chrX	15823100	.	G	A	.	EXOMES_FILTERED	0	1206022	0	0	112739	0	0	1093283	0	.	0	0	0	0	0	0	0	0	0	0	0	0	0	0	0	0	0	0	0	0	0	0	0	0	0	0	0
chrX	15823102	.	C	G	.	PASS	22	1197417	1.83729e-05	3	110774	2.70822e-05	19	1086643	1.7485e-05	mid	0	2.2078e-05	0	0	0	1.80396e-05	0.000246063	0	8.49113e-05	0	0	0	0	0	1.67849e-05	0.000261165	0	8.76808e-05	0	9.42774e-05	0	0	0	3.78401e-05	0	0	0
chrX	15823102	.	C	T	.	PASS	5	1197417	4.17565e-06	1	110774	9.02739e-06	4	1086643	3.68106e-06	amr	0	4.4156e-05	0	0	2.17903e-05	1.12748e-06	0	0	2.12278e-05	0	5.76585e-05	0	0	0	1.19892e-06	0	0	2.19202e-05	0	0	0	0	0.000166223	0	0	0	0
chrX	15823103	.	G	A	.	PASS	15	1206454	1.24331e-05	0	112697	0	15	1093757	1.37142e-05	sas	0	2.19217e-05	0	0	0	1.23187e-05	0	5.29521e-05	0	0	2.87604e-05	0	0	0	1.30988e-05	0	5.57538e-05	0	0	0	0	0	0	0	0	0	0
chrX	15823103	.	G	C	.	PASS	1	1206456	8.28874e-07	0	112697	0	1	1093759	9.14278e-07	nfe	0	0	0	0	0	1.11988e-06	0	0	0	0	0	0	0	0	1.1908e-06	0	0	0	0	0	0	0	0	0	0	0	0
chrX	15823104	.	G	C	.	PASS	1	1197402	8.35141e-07	0	112036	0	1	1085366	9.21348e-07	.	0	0	4.62792e-05	0	0	0	0	0	0	0	0	5.26343e-05	0	0	0	0	0	0	0	0	0	0	0	0	0	0	0
chrX	15823105	.	GGCAGCCGGAGCC	G	.	EXOMES_FILTERED	1	1191630	8.39187e-07	0	111921	0	1	1079709	9.26175e-07	afr	1.80122e-05	0	0	0	0	0	0	0	0	3.97693e-05	0	0	0	0	0	0	0	0	0	0	0	0	0	0	0	0	0
chrX	15823105	.	GGCAGCCGGAGCCGGAGCCGGAGCCGGAGCCGCAGGAGCCGCC	G	.	BOTH_FILTERED	1	1190158	8.40225e-07	0	110453	0	1	1079705	9.26179e-07	nfe	0	0	0	0	0	1.13507e-06	0	0	0	0	0	0	0	0	1.20736e-06	0	0	0	0	0	0	0	0	0	0	0	0
chrX	15823106	.	G	A	.	PASS	1	1205819	8.29312e-07	0	112662	0	1	1093157	9.14782e-07	nfe	0	0	0	0	0	1.12056e-06	0	0	0	0	0	0	0	0	1.19156e-06	0	0	0	0	0	0	0	0	0	0	0	0
chrX	15823107	.	C	CAGCCGG	.	PASS	23064	1204160	0.0191536	3402	111693	0.0304585	19662	1092467	0.0179978	afr	0.0657809	0.00894864	0.0549702	0.00216997	0.0286774	0.0167745	0.0294554	0.00508937	0.0202033	0.0678471	0.00786472	0.0550081	0.00229335	0.0290467	0.0167139	0.0297806	0.00515589	0.0199729	0.0640169	0.0124789	0.0546963	0.00112549	0.0262506	0.0177328	0.0235849	0.00374953	0.0272064
chrX	15823107	.	C	CAGCCGGAGCCGG	.	EXOMES_FILTERED	1415	1204310	0.00117495	191	111729	0.00170949	1224	1092581	0.00112028	afr	0.00361791	0.000595081	0	0	0.000871916	0.00120377	0.000247463	0.000124127	0.00126786	0.00335558	0.000518523	0	0	0.000854035	0.00121309	0.000261165	0.000130288	0.00126591	0.0038419	0.000844436	0	0	0.000989283	0.00105628	0	0	0.00132714
chrX	15823107	.	C	CAGCCGGAGCCGGAGCCGG	.	EXOMES_FILTERED	20	1204273	1.66075e-05	2	111684	1.79077e-05	18	1092589	1.64746e-05	amr	5.27491e-05	8.81834e-05	0	0	0	1.23289e-05	0	3.54597e-05	0	3.81316e-05	0.000115227	0	0	0	1.31079e-05	0	3.72252e-05	0	6.52571e-05	0	0	0	0	0	0	0	0
chrX	15823107	.	C	CAGCCGGGGCCGGGGCAGCCGG	.	EXOMES_FILTERED	1	1205874	8.29274e-07	0	113284	0	1	1092590	9.15256e-07	nfe	0	0	0	0	0	1.12049e-06	0	0	0	0	0	0	0	0	1.19163e-06	0	0	0	0	0	0	0	0	0	0	0	0
chrX	15823107	.	C	CCGGGGCAGCCGG	.	EXOMES_FILTERED	1	1205874	8.29274e-07	0	113284	0	1	1092590	9.15256e-07	mid	0	0	0	0	0	0	0.000247341	0	0	0	0	0	0	0	0	0.000261165	0	0	0	0	0	0	0	0	0	0	0
chrX	15823107	.	C	G	.	PASS	1	1205874	8.29274e-07	0	113284	0	1	1092590	9.15256e-07	nfe	0	0	0	0	0	1.12049e-06	0	0	0	0	0	0	0	0	1.19163e-06	0	0	0	0	0	0	0	0	0	0	0	0
chrX	15823107	.	C	T	.	PASS	3	1205873	2.48782e-06	0	113284	0	3	1092589	2.74577e-06	nfe	0	0	0	0	0	3.36148e-06	0	0	0	0	0	0	0	0	3.57489e-06	0	0	0	0	0	0	0	0	0	0	0	0
chrX	15823107	.	CAGCCGG	C	.	PASS	843	1204303	0.00069999	71	111731	0.000635455	772	1092572	0.00070659	amr	0.000597151	0.00218201	4.57813e-05	8.91769e-05	0	0.000740869	0	0.000354667	0.000528273	0.000724527	0.00241984	5.21105e-05	9.97108e-05	0	0.000741202	0	0.000353659	0.000523823	0.000488393	0.00140739	0	0	0	0.000735585	0	0.000374953	0.00066357
chrX	15823107	.	CAGCCGGAGCCGG	C	.	PASS	142	1204322	0.000117909	17	111733	0.000152148	125	1092589	0.000114407	afr	0.000175627	0.000110198	9.15541e-05	8.91769e-05	2.17979e-05	0.000118807	0	5.31962e-05	0.000253571	0.000228789	2.88068e-05	0.00010421	9.97108e-05	2.51187e-05	0.000115588	0	5.58368e-05	0.000261912	0.000130234	0.00037527	0	0	0	0.00016975	0	0	0
chrX	15823107	.	CAGCCGGAGCCGGAGCCGG	C	.	PASS	3	1205873	2.48782e-06	0	113284	0	3	1092589	2.74577e-06	nfe	0	0	0	0	0	3.36148e-06	0	0	0	0	0	0	0	0	3.57489e-06	0	0	0	0	0	0	0	0	0	0	0	0
chrX	19966381	.	C	T	.	PASS	1	1211812	8.25211e-07	0	113576	0	1	1098236	9.10551e-07	amr	0	2.17382e-05	0	0	0	0	0	0	0	0	2.84034e-05	0	0	0	0	0	0	0	0	0	0	0	0	0	0	0	0
chrX	19966387	.	C	T	.	PASS	1	1211652	8.25319e-07	0	113459	0	1	1098193	9.10587e-07	nfe	0	0	0	0	0	1.11673e-06	0	0	0	0	0	0	0	0	1.18751e-06	0	0	0	0	0	0	0	0	0	0	0	0
chrX	19966391	.	C	A	.	PASS	1	1211364	8.25516e-07	0	113189	0	1	1098175	9.10602e-07	nfe	0	0	0	0	0	1.11679e-06	0	0	0	0	0	0	0	0	1.18754e-06	0	0	0	0	0	0	0	0	0	0	0	0
chrX	19966391	.	C	T	.	PASS	5	1209460	4.13408e-06	2	111285	1.79719e-05	3	1098175	2.73181e-06	afr	1.75488e-05	0	0	0	0	3.35145e-06	0	0	2.10124e-05	0	0	0	0	0	2.37509e-06	0	0	2.16943e-05	3.26979e-05	0	0	0	0	1.88462e-05	0	0	0
chrX	19966392	.	G	A	.	PASS	28	1209493	2.31502e-05	1	111344	8.98118e-06	27	1098149	2.45868e-05	sas	0	0	0	0	0	4.46863e-06	0	0.000387454	4.20283e-05	0	0	0	0	0	3.5627e-06	0	0.000406309	4.33915e-05	0	0	0	0	0	1.88427e-05	0	0	0
chrX	19966394	.	A	G	.	PASS	1	1211712	8.25279e-07	0	113511	0	1	1098201	9.1058e-07	sas	0	0	0	0	0	0	0	1.75549e-05	0	0	0	0	0	0	0	0	1.84686e-05	0	0	0	0	0	0	0	0	0	0
chrX	47147498	.	G	C	.	PASS	1	1211481	8.25436e-07	0	113661	0	1	1097820	9.10896e-07	nfe	0	0	0	0	0	1.11713e-06	0	0	0	0	0	0	0	0	1.18798e-06	0	0	0	0	0	0	0	0	0	0	0	0
chrX	47169323	.	G	A	.	PASS	1	1207248	8.2833e-07	0	113868	0	1	1093380	9.14595e-07	nfe	0	0	0	0	0	1.12094e-06	0	0	0	0	0	0	0	0	1.19238e-06	0	0	0	0	0	0	0	0	0	0	0	0
chrX	47169327	.	T	C	.	PASS	1	1209132	8.2704e-07	0	113782	0	1	1095350	9.1295e-07	nfe	0	0	0	0	0	1.11918e-06	0	0	0	0	0	0	0	0	1.19029e-06	0	0	0	0	0	0	0	0	0	0	0	0
chrX	48576362	.	C	T	.	PASS	1	1211088	8.25704e-07	0	113492	0	1	1097596	9.11082e-07	afr	1.73145e-05	0	0	0	0	0	0	0	0	3.78774e-05	0	0	0	0	0	0	0	0	0	0	0	0	0	0	0	0	0
chrX	48576362	.	CG	C	.	PASS	1	1211088	8.25704e-07	0	113492	0	1	1097596	9.11082e-07	amr	0	2.17685e-05	0	0	0	0	0	0	0	0	2.84503e-05	0	0	0	0	0	0	0	0	0	0	0	0	0	0	0	0
chrX	48576363	.	G	A	.	EXOMES_FILTERED	3	1211311	2.47666e-06	0	113655	0	3	1097656	2.7331e-06	nfe	0	0	0	0	0	3.35064e-06	0	0	0	0	0	0	0	0	3.56328e-06	0	0	0	0	0	0	0	0	0	0	0	0
chrX	48576363	.	G	T	.	PASS	1	1211309	8.25553e-07	0	113655	0	1	1097654	9.11034e-07	sas	0	0	0	0	0	0	0	1.76106e-05	0	0	0	0	0	0	0	0	1.85415e-05	0	0	0	0	0	0	0	0	0	0
chrX	48576368	.	A	T	.	PASS	2	1211199	1.65126e-06	0	113504	0	2	1097695	1.822e-06	nfe	0	0	0	0	0	2.23384e-06	0	0	0	0	0	0	0	0	2.37549e-06	0	0	0	0	0	0	0	0	0	0	0	0
chrX	48576376	.	A	T	.	PASS	4	1209354	3.30755e-06	1	111713	8.95151e-06	3	1097641	2.73313e-06	nfe	0	0	0	0	0	4.46898e-06	0	0	0	0	0	0	0	0	3.56334e-06	0	0	0	0	0	0	0	0	1.8814e-05	0	0	0
chrX	48576379	.	T	C	.	PASS	4	1208875	3.30886e-06	1	111394	8.97714e-06	3	1097481	2.73353e-06	nfe	0	0	0	0	0	4.46979e-06	0	0	0	0	0	0	0	0	3.56361e-06	0	0	0	0	0	0	0	0	1.88491e-05	0	0	0
chrX	48576382	.	C	A	.	PASS	13	1209328	1.07498e-05	4	111847	3.57631e-05	9	1097481	8.2006e-06	nfe	0	0	0	0	0	1.34074e-05	0	0	2.10186e-05	0	0	0	0	0	9.5029e-06	0	0	2.17061e-05	0	0	0	0	0	7.52177e-05	0	0	0
chrX	48576382	.	C	T	.	EXOMES_FILTERED	1	1211133	8.25673e-07	0	113651	0	1	1097482	9.11177e-07	nfe	0	0	0	0	0	1.11696e-06	0	0	0	0	0	0	0	0	1.18786e-06	0	0	0	0	0	0	0	0	0	0	0	0
chrX	48576383	.	T	C	.	EXOMES_FILTERED	3	1211143	2.477e-06	0	113606	0	3	1097537	2.73339e-06	sas	0	0	0	0	0	0	0	5.28914e-05	0	0	0	0	0	0	0	0	5.56917e-05	0	0	0	0	0	0	0	0	0	0
chrX	48576387	.	G	C	.	PASS	5	1209087	4.13535e-06	2	111820	1.78859e-05	3	1097267	2.73407e-06	amr	0	2.19298e-05	0	0	0	4.46972e-06	0	0	0	0	0	0	0	0	3.56398e-06	0	0	0	0	9.55201e-05	0	0	0	1.88129e-05	0	0	0
chrX	48576387	.	G	T	.	EXOMES_FILTERED	1	1210877	8.25848e-07	0	113612	0	1	1097265	9.11357e-07	mid	0	0	0	0	0	0	0.000229727	0	0	0	0	0	0	0	0	0.000241896	0	0	0	0	0	0	0	0	0	0	0
chrX	48576388	.	G	A	.	EXOMES_FILTERED	1	1210938	8.25806e-07	0	113592	0	1	1097346	9.1129e-07	mid	0	0	0	0	0	0	0.000229727	0	0	0	0	0	0	0	0	0.000241896	0	0	0	0	0	0	0	0	0	0	0
chrX	48576389	.	G	C	.	PASS	1	1211024	8.25747e-07	0	113727	0	1	1097297	9.1133e-07	amr	0	2.17704e-05	0	0	0	0	0	0	0	0	2.84681e-05	0	0	0	0	0	0	0	0	0	0	0	0	0	0	0	0
chrX	48576392	.	C	A	.	PASS	1	1210890	8.25839e-07	0	113619	0	1	1097271	9.11352e-07	amr	0	2.17751e-05	0	0	0	0	0	0	0	0	2.84681e-05	0	0	0	0	0	0	0	0	0	0	0	0	0	0	0	0
chrX	48576392	.	C	G	.	PASS	18	1209066	1.48875e-05	3	111795	2.68348e-05	15	1097271	1.36703e-05	nfe	0	0	0	0	0	1.67616e-05	0	0	6.30583e-05	0	0	0	0	0	1.4256e-05	0	0	6.51155e-05	0	0	0	0	0	5.64451e-05	0	0	0
chrX	48576392	.	C	T	.	PASS	1	1210890	8.25839e-07	0	113619	0	1	1097271	9.11352e-07	nfe	0	0	0	0	0	1.11709e-06	0	0	0	0	0	0	0	0	1.188e-06	0	0	0	0	0	0	0	0	0	0	0	0
chrX	48576393	.	A	T	.	PASS	1	1208987	8.27139e-07	1	111741	8.94927e-06	0	1097246	0	afr	1.75036e-05	0	0	0	0	0	0	0	0	0	0	0	0	0	0	0	0	0	3.25404e-05	0	0	0	0	0	0	0	0
chrX	48576394	.	T	G	.	PASS	1	1210846	8.25869e-07	0	113617	0	1	1097229	9.11387e-07	nfe	0	0	0	0	0	1.1171e-06	0	0	0	0	0	0	0	0	1.18802e-06	0	0	0	0	0	0	0	0	0	0	0	0
chrX	48576395	.	G	A	.	PASS	2	1210566	1.65212e-06	0	113576	0	2	1096990	1.82317e-06	nfe	0	0	0	0	0	2.23443e-06	0	0	0	0	0	0	0	0	2.37628e-06	0	0	0	0	0	0	0	0	0	0	0	0
chrX	48576397	.	G	A	.	PASS	2	1210650	1.65201e-06	0	113639	0	2	1097011	1.82314e-06	sas	0	0	0	0	0	1.11721e-06	0	1.76719e-05	0	0	0	0	0	0	1.18814e-06	0	1.86057e-05	0	0	0	0	0	0	0	0	0	0
chrX	48576398	.	C	T	.	PASS	6	1210086	4.95833e-06	0	113267	0	6	1096819	5.47036e-06	amr	0	2.18198e-05	0	0	0	5.58708e-06	0	0	0	0	2.85087e-05	0	0	0	5.9414e-06	0	0	0	0	0	0	0	0	0	0	0	0
chrX	48576399	.	G	A	.	PASS	1	1210554	8.26068e-07	0	113656	0	1	1096898	9.11662e-07	nfe	0	0	0	0	0	1.11728e-06	0	0	0	0	0	0	0	0	1.18824e-06	0	0	0	0	0	0	0	0	0	0	0	0
chrX	48576403	.	T	G	.	PASS	1	1208192	8.27683e-07	1	111677	8.9544e-06	0	1096515	0	nfe	0	0	0	0	0	1.11792e-06	0	0	0	0	0	0	0	0	0	0	0	0	0	0	0	0	0	1.88335e-05	0	0	0
chrX	48576404	.	C	G	.	PASS	2	1209726	1.65327e-06	0	113298	0	2	1096428	1.82411e-06	nfe	0	0	0	0	0	2.23521e-06	0	0	0	0	0	0	0	0	2.37703e-06	0	0	0	0	0	0	0	0	0	0	0	0
chrX	48576404	.	C	T	.	PASS	8	1207962	6.62272e-06	2	111534	1.79318e-05	6	1096428	5.47232e-06	afr	0.000105176	0	0	0	0	0	0	1.77683e-05	2.1034e-05	0.000151544	0	0	0	0	0	0	1.86532e-05	2.17221e-05	6.52486e-05	0	0	0	0	0	0	0	0
chrX	48576405	.	G	A	.	PASS	11	1210129	9.08994e-06	0	113684	0	11	1096445	1.00324e-05	nfe	0	0	0	0	0	1.2293e-05	0	0	0	0	0	0	0	0	1.30739e-05	0	0	0	0	0	0	0	0	0	0	0	0
chrX	48576406	.	C	A	.	PASS	2	1210190	1.65263e-06	0	113616	0	2	1096574	1.82386e-06	nfe	0	0	0	0	0	2.23491e-06	0	0	0	0	0	0	0	0	2.37686e-06	0	0	0	0	0	0	0	0	0	0	0	0
chrX	48576406	.	C	T	.	PASS	7	1208309	5.79322e-06	2	111735	1.78995e-05	5	1096574	4.55966e-06	afr	8.75534e-05	0	0	0	0	2.23567e-06	0	0	0	0.000151555	0	0	0	0	1.18843e-06	0	0	0	3.25574e-05	0	0	0	0	1.88193e-05	0	0	0
chrX	48576407	.	A	G	.	PASS	2	1210102	1.65275e-06	0	113690	0	2	1096412	1.82413e-06	nfe	0	0	0	0	0	2.23509e-06	0	0	0	0	0	0	0	0	2.37709e-06	0	0	0	0	0	0	0	0	0	0	0	0
chrX	48576410	.	T	C	.	PASS	1	1210096	8.26381e-07	0	113711	0	1	1096385	9.12088e-07	amr	0	2.18231e-05	0	0	0	0	0	0	0	0	2.85698e-05	0	0	0	0	0	0	0	0	0	0	0	0	0	0	0	0
chrX	48576411	.	A	C	.	PASS	1	1208427	8.27522e-07	0	112435	0	1	1095992	9.12415e-07	nfe	0	0	0	0	0	1.1183e-06	0	0	0	0	0	0	0	0	1.18894e-06	0	0	0	0	0	0	0	0	0	0	0	0
chrX	48576411	.	A	G	.	GENOMES_FILTERED	18	1206715	1.49165e-05	0	110723	0	18	1095992	1.64235e-05	eas	0	0	0	0.000416283	0	1.11863e-06	0	0	6.31433e-05	0	0	0	0.000464591	0	1.18894e-06	0	0	6.5189e-05	0	0	0	0	0	0	0	0	0
chrX	48576412	.	C	T	.	PASS	3	1208032	2.48338e-06	2	111769	1.7894e-05	1	1096263	9.1219e-07	nfe	0	0	0	0	0	3.35413e-06	0	0	0	0	0	0	0	0	1.18867e-06	0	0	0	0	0	0	0	0	3.76308e-05	0	0	0
chrX	48576413	.	T	A	.	EXOMES_FILTERED	1	1209780	8.26597e-07	0	113549	0	1	1096231	9.12216e-07	nfe	0	0	0	0	0	1.11775e-06	0	0	0	0	0	0	0	0	1.18873e-06	0	0	0	0	0	0	0	0	0	0	0	0
chrX	48576414	.	C	G	.	PASS	1	1209764	8.26608e-07	0	113673	0	1	1096091	9.12333e-07	nfe	0	0	0	0	0	1.11782e-06	0	0	0	0	0	0	0	0	1.18883e-06	0	0	0	0	0	0	0	0	0	0	0	0
chrX	48576414	.	C	T	.	EXOMES_FILTERED	1	1209764	8.26608e-07	0	113673	0	1	1096091	9.12333e-07	nfe	0	0	0	0	0	1.11782e-06	0	0	0	0	0	0	0	0	1.18883e-06	0	0	0	0	0	0	0	0	0	0	0	0
chrX	48576414	.	CTAGAG	C	.	PASS	1	1207851	8.27917e-07	1	111761	8.94767e-06	0	1096090	0	.	0	0	4.55e-05	0	0	0	0	0	0	0	0	0	0	0	0	0	0	0	0	0	0.000378644	0	0	0	0	0	0
chrX	48576417	.	GAGGTGAGTGCAGTGATCGTTTTGATCATGGGGTGAGAGGGAGAGTTGCCTATGTGTGGACAACTGCCATTTAAATATTTTTCTGCTCT	G	.	BOTH_FILTERED	54	1206860	4.47442e-05	1	111885	8.93775e-06	53	1094975	4.84029e-05	eas	0	2.19954e-05	0	0.000722456	0.000129397	2.23733e-05	0	1.78069e-05	4.2115e-05	0	2.86189e-05	0	0.000808299	0.000149061	2.37878e-05	0	0	4.35114e-05	0	0	0	0	0	0	0	0.00037679	0
chrX	48576509	.	T	C	.	EXOMES_FILTERED	0	1195781	0	0	113469	0	0	1082312	0	.	0	0	0	0	0	0	0	0	0	0	0	0	0	0	0	0	0	0	0	0	0	0	0	0	0	0	0
chrX	48576510	.	G	T	.	EXOMES_FILTERED	0	1196114	0	0	113649	0	0	1082465	0	.	0	0	0	0	0	0	0	0	0	0	0	0	0	0	0	0	0	0	0	0	0	0	0	0	0	0	0
chrX	48576512	.	T	C	.	EXOMES_FILTERED	1	1195641	8.36371e-07	0	113317	0	1	1082324	9.23938e-07	sas	0	0	0	0	0	0	0	1.82745e-05	0	0	0	0	0	0	0	0	1.92715e-05	0	0	0	0	0	0	0	0	0	0
chrX	48576512	.	TG	T	.	PASS	2	1195638	1.67275e-06	0	113317	0	2	1082321	1.84788e-06	sas	0	0	0	0	0	0	0	1.82745e-05	2.12431e-05	0	0	0	0	0	0	0	1.92715e-05	2.19621e-05	0	0	0	0	0	0	0	0	0
chrX	48576513	.	G	A	.	EXOMES_FILTERED	0	1195828	0	0	113673	0	0	1082155	0	.	0	0	0	0	0	0	0	0	0	0	0	0	0	0	0	0	0	0	0	0	0	0	0	0	0	0	0
chrX	100832793	.	G	T	.	EXOMES_FILTERED	1	1211345	8.25529e-07	0	113643	0	1	1097702	9.10994e-07	nfe	0	0	0	0	0	1.11697e-06	0	0	0	0	0	0	0	0	1.18783e-06	0	0	0	0	0	0	0	0	0	0	0	0
chrX	100832795	.	C	G	.	EXOMES_FILTERED	1	1211076	8.25712e-07	0	113503	0	1	1097573	9.11101e-07	nfe	0	0	0	0	0	1.11706e-06	0	0	0	0	0	0	0	0	1.18791e-06	0	0	0	0	0	0	0	0	0	0	0	0
chrX	100832796	.	G	A	.	GENOMES_FILTERED	2	1209192	1.654e-06	1	111658	8.95592e-06	1	1097534	9.11134e-07	nfe	0	0	0	0	0	2.23499e-06	0	0	0	0	0	0	0	0	1.18799e-06	0	0	0	0	0	0	0	0	1.88327e-05	0	0	0
chrX	100832799	.	G	T	.	PASS	1	1209317	8.26913e-07	1	111719	8.95103e-06	0	1097598	0	nfe	0	0	0	0	0	1.11741e-06	0	0	0	0	0	0	0	0	0	0	0	0	0	0	0	0	0	1.88303e-05	0	0	0
chrX	100832803	.	A	G	.	PASS	1	1210602	8.26035e-07	0	113417	0	1	1097185	9.11423e-07	mid	0	0	0	0	0	0	0.000229832	0	0	0	0	0	0	0	0	0.000241838	0	0	0	0	0	0	0	0	0	0	0
chrX	100832804	.	C	T	.	PASS	1	1210873	8.2585e-07	0	113773	0	1	1097100	9.11494e-07	sas	0	0	0	0	0	0	0	1.7627e-05	0	0	0	0	0	0	0	0	1.85584e-05	0	0	0	0	0	0	0	0	0	0
chrX	100832807	.	C	T	.	PASS	2	1211195	1.65126e-06	0	113786	0	2	1097409	1.82247e-06	nfe	0	0	0	0	0	2.23435e-06	0	0	0	0	0	0	0	0	2.37618e-06	0	0	0	0	0	0	0	0	0	0	0	0
chrX	100832808	.	C	G	.	PASS	1	1211257	8.25589e-07	0	113853	0	1	1097404	9.11241e-07	afr	1.72837e-05	0	0	0	0	0	0	0	0	3.78903e-05	0	0	0	0	0	0	0	0	0	0	0	0	0	0	0	0	0
chrX	100832809	.	A	C	.	EXOMES_FILTERED	0	1210292	0	0	113623	0	0	1096669	0	.	0	0	0	0	0	0	0	0	0	0	0	0	0	0	0	0	0	0	0	0	0	0	0	0	0	0	0
chrX	100832809	.	A	G	.	PASS	1	1210294	8.26246e-07	0	113623	0	1	1096671	9.11851e-07	nfe	0	0	0	0	0	1.11797e-06	0	0	0	0	0	0	0	0	1.18895e-06	0	0	0	0	0	0	0	0	0	0	0	0
chrX	100832810	.	C	A	.	PASS	4	1211086	3.30282e-06	0	113821	0	4	1097265	3.64543e-06	nfe	0	0	0	0	0	4.46903e-06	0	0	0	0	0	0	0	0	4.75287e-06	0	0	0	0	0	0	0	0	0	0	0	0
chrX	100832815	.	A	G	.	PASS	1	1210382	8.26185e-07	0	113660	0	1	1096722	9.11808e-07	afr	1.73124e-05	0	0	0	0	0	0	0	0	3.79089e-05	0	0	0	0	0	0	0	0	0	0	0	0	0	0	0	0	0
chrX	100832816	.	C	G	.	PASS	1	1210264	8.26266e-07	0	113797	0	1	1096467	9.1202e-07	.	0	0	0	0	0	0	0	0	2.10097e-05	0	0	0	0	0	0	0	0	2.17217e-05	0	0	0	0	0	0	0	0	0
chrX	100832826	.	G	C	.	PASS	1	1208493	8.27477e-07	1	111862	8.93959e-06	0	1096631	0	nfe	0	0	0	0	0	1.11808e-06	0	0	0	0	0	0	0	0	0	0	0	0	0	0	0	0	0	1.88218e-05	0	0	0
chrX	100832827	.	G	A	.	PASS	1	1209890	8.26521e-07	0	113624	0	1	1096266	9.12187e-07	nfe	0	0	0	0	0	1.11794e-06	0	0	0	0	0	0	0	0	1.18894e-06	0	0	0	0	0	0	0	0	0	0	0	0
chrX	115190265	.	T	A	.	GENOMES_FILTERED	0	1152779	0	0	112656	0	0	1040123	0	.	0	0	0	0	0	0	0	0	0	0	0	0	0	0	0	0	0	0	0	0	0	0	0	0	0	0	0
chrX	115190266	.	G	T	.	PASS	6	1153790	5.20025e-06	0	114123	0	6	1039667	5.77108e-06	nfe	0	0	0	0	0	6.94104e-06	0	0	0	0	0	0	0	0	7.3987e-06	0	0	0	0	0	0	0	0	0	0	0	0
chrX	115190267	.	A	G	.	PASS	2	1153548	1.73378e-06	0	113881	0	2	1039667	1.92369e-06	sas	0	0	0	0	0	1.15698e-06	0	1.95963e-05	0	0	0	0	0	0	1.23319e-06	0	2.07598e-05	0	0	0	0	0	0	0	0	0	0
chrX	115190269	.	A	G	.	EXOMES_FILTERED	0	1152548	0	0	113652	0	0	1038896	0	.	0	0	0	0	0	0	0	0	0	0	0	0	0	0	0	0	0	0	0	0	0	0	0	0	0	0	0
chrX	115190271	.	G	A	.	PASS	1	1153505	8.66923e-07	0	114134	0	1	1039371	9.6212e-07	sas	0	0	0	0	0	0	0	1.95982e-05	0	0	0	0	0	0	0	0	2.07715e-05	0	0	0	0	0	0	0	0	0	0
chrX	115190271	.	G	T	.	EXOMES_FILTERED	1	1153505	8.66923e-07	0	114134	0	1	1039371	9.6212e-07	.	0	0	4.86405e-05	0	0	0	0	0	0	0	0	5.58784e-05	0	0	0	0	0	0	0	0	0	0	0	0	0	0	0
chrX	115190272	.	C	A	.	PASS	18	1151090	1.56374e-05	4	112904	3.54283e-05	14	1038186	1.34851e-05	nfe	0	0	0	0	0	2.08491e-05	0	0	0	0	0	0	0	0	1.72816e-05	0	0	0	0	0	0	0	0	7.51385e-05	0	0	0
chrX	115190272	.	C	T	.	PASS	9	1151041	7.81901e-06	1	112853	8.86108e-06	8	1038188	7.70573e-06	afr	7.19205e-05	0	0	0	0	5.79137e-06	0	0	0	0.000122374	0	0	0	0	6.17199e-06	0	0	0	3.21523e-05	0	0	0	0	0	0	0	0
chrX	115190273	.	G	A	.	PASS	50099	1151846	0.0434945	3554	112834	0.0314976	46545	1039012	0.0447974	nfe	0.00556463	0.0149282	0.0836702	0	0.0458473	0.0504282	0.00639053	0.00521346	0.0374031	0.00521959	0.0121517	0.0834684	0	0.0470378	0.0505106	0.00599101	0.00523767	0.0378934	0.00583595	0.0217512	0.085034	0	0.0388827	0.0491714	0.0136986	0.00478469	0.0234681
chrX	115190273	.	G	T	.	PASS	5	1153028	4.33641e-06	0	114004	0	5	1039024	4.81221e-06	nfe	0	0	0	0	0	5.78765e-06	0	0	0	0	0	0	0	0	6.16907e-06	0	0	0	0	0	0	0	0	0	0	0	0
chrX	115190275	.	C	T	.	PASS	114	1151028	9.90419e-05	1	112908	8.85677e-06	113	1038120	0.000108851	nfe	7.18869e-05	2.67144e-05	0	6.57916e-05	0	0.000114699	0	1.97099e-05	0.000155238	0.000163145	3.76067e-05	0	7.44629e-05	0	0.000121006	0	2.08238e-05	0.000160639	0	0	0	0	0	1.87769e-05	0	0	0
chrX	115190276	.	G	A	.	PASS	56	1151201	4.86449e-05	3	112824	2.65901e-05	53	1038377	5.10412e-05	sas	5.39355e-05	2.66802e-05	0	6.57808e-05	0	3.12777e-05	0	0.000394166	6.6541e-05	8.15528e-05	0	0	7.44546e-05	0	3.20984e-05	0	0.000416424	6.88468e-05	3.21564e-05	9.22935e-05	0	0	0	1.87885e-05	0	0	0
chrX	115190276	.	G	T	.	PASS	1	1152427	8.67734e-07	0	114049	0	1	1038378	9.6304e-07	nfe	0	0	0	0	0	1.15812e-06	0	0	0	0	0	0	0	0	1.23455e-06	0	0	0	0	0	0	0	0	0	0	0	0
chrX	115190277	.	G	A	.	PASS	1	1152545	8.67645e-07	0	114185	0	1	1038360	9.63057e-07	nfe	0	0	0	0	0	1.15807e-06	0	0	0	0	0	0	0	0	1.23453e-06	0	0	0	0	0	0	0	0	0	0	0	0
chrX	115190278	.	C	A	.	EXOMES_FILTERED	0	1152510	0	0	114255	0	0	1038255	0	.	0	0	0	0	0	0	0	0	0	0	0	0	0	0	0	0	0	0	0	0	0	0	0	0	0	0	0
chrX	115190279	.	A	C	.	PASS	1	1152328	8.67808e-07	0	113970	0	1	1038358	9.63059e-07	nfe	0	0	0	0	0	1.15804e-06	0	0	0	0	0	0	0	0	1.2344e-06	0	0	0	0	0	0	0	0	0	0	0	0
chrX	115190281	.	C	T	.	EXOMES_FILTERED	0	1152273	0	0	114191	0	0	1038082	0	.	0	0	0	0	0	0	0	0	0	0	0	0	0	0	0	0	0	0	0	0	0	0	0	0	0	0	0
chrX	115190282	.	C	A	.	EXOMES_FILTERED	0	1152304	0	0	114259	0	0	1038045	0	.	0	0	0	0	0	0	0	0	0	0	0	0	0	0	0	0	0	0	0	0	0	0	0	0	0	0	0
chrX	115190282	.	C	G	.	PASS	1	1152308	8.67824e-07	0	114259	0	1	1038049	9.63346e-07	sas	0	0	0	0	0	0	0	1.96699e-05	0	0	0	0	0	0	0	0	2.0852e-05	0	0	0	0	0	0	0	0	0	0
chrX	115190282	.	CA	C	.	PASS	2	1152305	1.73565e-06	0	114259	0	2	1038046	1.9267e-06	eas	0	0	0	3.27998e-05	0	1.15812e-06	0	0	0	0	0	0	3.72287e-05	0	1.23461e-06	0	0	0	0	0	0	0	0	0	0	0	0
chrX	115190284	.	A	G	.	EXOMES_FILTERED	0	1152213	0	0	113965	0	0	1038248	0	.	0	0	0	0	0	0	0	0	0	0	0	0	0	0	0	0	0	0	0	0	0	0	0	0	0	0	0
chrX	115190287	.	T	C	.	EXOMES_FILTERED	0	1150917	0	0	113671	0	0	1037246	0	.	0	0	0	0	0	0	0	0	0	0	0	0	0	0	0	0	0	0	0	0	0	0	0	0	0	0	0
chrX	115190290	.	C	A	.	EXOMES_FILTERED	0	1150851	0	0	114121	0	0	1036730	0	.	0	0	0	0	0	0	0	0	0	0	0	0	0	0	0	0	0	0	0	0	0	0	0	0	0	0	0
chrX	115190291	.	T	C	.	EXOMES_FILTERED	4	1150641	3.47632e-06	0	113700	0	4	1036941	3.8575e-06	nfe	0	0	0	0	0	4.63522e-06	0	0	0	0	0	0	0	0	4.9407e-06	0	0	0	0	0	0	0	0	0	0	0	0
chrX	115190292	.	A	G	.	EXOMES_FILTERED	0	1150704	0	0	113906	0	0	1036798	0	.	0	0	0	0	0	0	0	0	0	0	0	0	0	0	0	0	0	0	0	0	0	0	0	0	0	0	0
chrX	115190293	.	C	A	.	EXOMES_FILTERED	0	1150837	0	0	114092	0	0	1036745	0	.	0	0	0	0	0	0	0	0	0	0	0	0	0	0	0	0	0	0	0	0	0	0	0	0	0	0	0
chrX	115190294	.	A	G	.	EXOMES_FILTERED	0	1150280	0	0	113875	0	0	1036405	0	.	0	0	0	0	0	0	0	0	0	0	0	0	0	0	0	0	0	0	0	0	0	0	0	0	0	0	0
chrX	115190295	.	G	A	.	EXOMES_FILTERED	0	1151262	0	0	114112	0	0	1037150	0	.	0	0	0	0	0	0	0	0	0	0	0	0	0	0	0	0	0	0	0	0	0	0	0	0	0	0	0
chrX	115190295	.	G	T	.	EXOMES_FILTERED	0	1151263	0	0	114112	0	0	1037151	0	.	0	0	0	0	0	0	0	0	0	0	0	0	0	0	0	0	0	0	0	0	0	0	0	0	0	0	0
chrX	115190296	.	G	T	.	PASS	6	1149236	5.22086e-06	2	112731	1.77413e-05	4	1036505	3.85912e-06	afr	3.59842e-05	0	0	0	0	4.63708e-06	0	0	0	0	0	0	0	0	4.94179e-06	0	0	0	6.4348e-05	0	0	0	0	0	0	0	0
chrX	115190297	.	G	C	.	PASS	1	1151207	8.68654e-07	0	113966	0	1	1037241	9.64096e-07	afr	1.78307e-05	0	0	0	0	0	0	0	0	4.07647e-05	0	0	0	0	0	0	0	0	0	0	0	0	0	0	0	0	0
chrX	115190297	.	G	T	.	PASS	555	1150005	0.000482607	290	112764	0.00257174	265	1037241	0.000255485	afr	0.00865988	0.000992143	0	0	0	1.15857e-06	0	1.99207e-05	0.000754449	0.00888671	0.000567151	0	0	0	1.23464e-06	0	2.10509e-05	0.000689132	0.00848111	0.00202858	0	0	0	0	0	0	0.00260926
chrX	115190298	.	G	A	.	PASS	1	1151456	8.68466e-07	0	114034	0	1	1037422	9.63928e-07	nfe	0	0	0	0	0	1.15809e-06	0	0	0	0	0	0	0	0	1.23451e-06	0	0	0	0	0	0	0	0	0	0	0	0
chrX	115190299	.	T	C	.	PASS	1	1149255	8.70129e-07	0	112670	0	1	1036585	9.64706e-07	sas	0	0	0	0	0	0	0	1.98918e-05	0	0	0	0	0	0	0	0	2.10588e-05	0	0	0	0	0	0	0	0	0	0
chrX	115190300	.	C	T	.	PASS	5	1151051	4.34386e-06	0	113935	0	5	1037116	4.82106e-06	amr	1.78374e-05	5.35561e-05	0	0	0	0	0	1.9859e-05	2.21793e-05	4.08063e-05	7.57318e-05	0	0	0	0	0	2.10455e-05	2.29721e-05	0	0	0	0	0	0	0	0	0
chrX	115191761	.	GGAGGAGGAGGCCGCTACGAGGAGTACCGAGGCCGCTCGCTCGATGCCAACAGCGGAGGCCGCTCACCCAATGCCTACAGCGGGGGCCACAACAGTTCCAGCCGGAACGACCCCTGCA	G	.	GENOMES_FILTERED	1	1161902	8.60658e-07	1	108232	9.23941e-06	0	1053670	0	afr	1.83766e-05	0	0	0	0	0	0	0	0	0	0	0	0	0	0	0	0	0	3.38558e-05	0	0	0	0	0	0	0	0
chrX	115191781	.	GGAGTACCGAGGCCGCTCGCTCGATGCCAACAGCGGAGGCCGCTCACCCAATGCCTACAGCGGGGGCCACAACAGTTCCAGCCGGAACGACCCCTGCAGAGGAGGAGGCCGCTACGAGGAGAACCGAGGTCACTCTCTCGATGCCAACAGCGGAGGCCACTCACCCAACGCCTACAGTGGGGGCCGTGACAGTTCCAGCAACAGTTACGACCGGAGCCACCGCTATGGAGGAGGAGGCCACTACGAA	G	.	GENOMES_FILTERED	0	1159106	0	0	107893	0	0	1051213	0	.	0	0	0	0	0	0	0	0	0	0	0	0	0	0	0	0	0	0	0	0	0	0	0	0	0	0	0
chrX	115191785	.	TACCGAGGCCGCTCGCTCGATGCCAACAGCGGAGGCCGCTCACCCAATGCCTACAGCGGGGGCCACAACAGTTCCAGCCGGAACGACCCCTGCAGAGGAGGAGGCCGCTACGAGGAGA	T	.	GENOMES_FILTERED	1	1146289	8.7238e-07	1	102666	9.74032e-06	0	1043623	0	.	0	0	0	0	2.34951e-05	0	0	0	0	0	0	0	0	0	0	0	0	0	0	0	0	0	0.000191791	0	0	0	0
chrX	115191799	.	GCTCGATGCCAACAGCGGAGGCCGCTCACCCAATGCCTACAGCGGGGGCCACAACAGTTCCAGCCGGAACGACCCCTGCAGAGGAGGAGGCCGCTACGAGGAGAACCGAGGTCACTCT	G	.	PASS	6	1148740	5.22311e-06	6	106802	5.61787e-05	0	1041938	0	afr	5.57289e-05	0	0	0	0	1.15894e-06	0	0	2.22005e-05	0	0	0	0	0	0	0	0	0	0.000102941	0	0	0	0	1.95297e-05	0	0	0.000690608
chrX	115191822	.	GCTCACCCAATGCCTACAGCGGGGGCCACAACAGTTCCAGCCGGAACGACCCCTGCAGAGGAGGAGGCCGCTACGAGGAGAACCGAGGTCACTCTCTCGATGCCAACAGCGGAGGCCA	G	.	BOTH_FILTERED	1	1161212	8.61169e-07	0	108056	0	1	1053156	9.49527e-07	eas	0	0	0	3.28893e-05	0	0	0	0	0	0	0	0	3.70124e-05	0	0	0	0	0	0	0	0	0	0	0	0	0	0
chrX	115191877	.	C	T	.	PASS	1	1162705	8.60063e-07	0	109208	0	1	1053497	9.4922e-07	nfe	0	0	0	0	0	1.14744e-06	0	0	0	0	0	0	0	0	1.22047e-06	0	0	0	0	0	0	0	0	0	0	0	0
chrX	115191878	.	A	G	.	GENOMES_FILTERED	1	1132632	8.82899e-07	1	93958	1.06431e-05	0	1038674	0	afr	2.03795e-05	0	0	0	0	0	0	0	0	0	0	0	0	0	0	0	0	0	4.018e-05	0	0	0	0	0	0	0	0
chrX	115191879	.	G	A	.	PASS	3	1163794	2.57778e-06	1	110121	9.08092e-06	2	1053673	1.89812e-06	nfe	0	0	0	0	0	3.44018e-06	0	0	0	0	0	0	0	0	2.44067e-06	0	0	0	0	0	0	0	0	1.90114e-05	0	0	0
chrX	115191880	.	A	T	.	PASS	8	1159227	6.90115e-06	1	105553	9.47391e-06	7	1053674	6.64342e-06	eas	0	0	0	0.000230521	0	0	0	0	2.18422e-05	0	0	0	0.000221255	0	0	0	0	2.25378e-05	0	0	0	0.000307882	0	0	0	0	0
chrX	115191881	.	G	A	.	PASS	54	1162695	4.64438e-05	21	109012	0.000192639	33	1053683	3.13187e-05	afr	0.000916271	7.85813e-05	0	0	0	0	0	0	2.18131e-05	0.00128478	0	0	0	0	0	0	0	2.25378e-05	0.000606837	0.00028938	0	0	0	0	0	0	0
chrX	115191882	.	G	C	.	PASS	2	1165659	1.71577e-06	0	111967	0	2	1053692	1.89809e-06	eas	0	0	0	3.26126e-05	0	1.14631e-06	0	0	0	0	0	0	3.68745e-05	0	1.22033e-06	0	0	0	0	0	0	0	0	0	0	0	0
chrX	115191882	.	G	T	.	PASS	1	1165659	8.57884e-07	0	111967	0	1	1053692	9.49044e-07	nfe	0	0	0	0	0	1.14631e-06	0	0	0	0	0	0	0	0	1.22033e-06	0	0	0	0	0	0	0	0	0	0	0	0
chrX	115191886	.	A	C	.	GENOMES_FILTERED	0	1157816	0	0	104198	0	0	1053618	0	.	0	0	0	0	0	0	0	0	0	0	0	0	0	0	0	0	0	0	0	0	0	0	0	0	0	0	0
chrX	115191887	.	G	A	.	PASS	17	1162444	1.46244e-05	2	108782	1.83854e-05	15	1053662	1.42361e-05	nfe	0	0	0	0	0	1.94999e-05	0	0	0	0	0	0	0	0	1.8305e-05	0	0	0	0	0	0	0	0	3.82044e-05	0	0	0
chrX	115191890	.	C	T	.	PASS	8	1162673	6.8807e-06	1	109011	9.17339e-06	7	1053662	6.6435e-06	afr	3.66636e-05	0	0	0	0	5.73507e-06	0	1.91216e-05	0	4.0159e-05	0	0	0	0	6.10163e-06	0	2.00969e-05	0	3.3728e-05	0	0	0	0	0	0	0	0
chrX	115191891	.	G	A	.	PASS	22	1163223	1.8913e-05	4	109575	3.65047e-05	18	1053648	1.70835e-05	nfe	1.82302e-05	0	0	0	0	2.29403e-05	0	1.9127e-05	0	4.0159e-05	0	0	0	0	1.95253e-05	0	2.00981e-05	0	0	0	0	0	0	7.63665e-05	0	0	0
chrX	115191891	.	G	T	.	PASS	2	1163224	1.71936e-06	2	109576	1.82522e-05	0	1053648	0	amr	0	5.23314e-05	0	0	0	0	0	0	0	0	0	0	0	0	0	0	0	0	0	0.00019216	0	0	0	0	0	0	0
chrX	115191893	.	T	C	.	PASS	1	1161296	8.61107e-07	0	107637	0	1	1053659	9.49074e-07	nfe	0	0	0	0	0	1.14721e-06	0	0	0	0	0	0	0	0	1.22032e-06	0	0	0	0	0	0	0	0	0	0	0	0
chrX	115191894	.	A	G	.	PASS	2	1162801	1.71998e-06	2	109148	1.83237e-05	0	1053653	0	afr	3.6702e-05	0	0	0	0	0	0	0	0	0	0	0	0	0	0	0	0	0	6.75836e-05	0	0	0	0	0	0	0	0
chrX	115191895	.	C	T	.	PASS	70	1164281	6.01229e-05	5	110628	4.51965e-05	65	1053653	6.16901e-05	nfe	0	0	0	0	0.000114884	6.87919e-05	0	0	0.000109032	0	0	0	0	0.000133223	6.71167e-05	0	0	0.000112699	0	0	0	0	0	9.48263e-05	0	0	0
chrX	115191896	.	G	A	.	PASS	16	1165414	1.3729e-05	0	111759	0	16	1053655	1.51852e-05	mid	0	0	0	0	0	9.1702e-06	0.000232612	9.52381e-05	4.35796e-05	0	0	0	0	0	9.76256e-06	0.000244618	0.000100482	4.50796e-05	0	0	0	0	0	0	0	0	0
chrX	115191896	.	G	C	.	GENOMES_FILTERED	0	1163747	0	0	110092	0	0	1053655	0	.	0	0	0	0	0	0	0	0	0	0	0	0	0	0	0	0	0	0	0	0	0	0	0	0	0	0	0
chrX	115191898	.	G	A	.	PASS	31	1163150	2.66518e-05	2	109478	1.82685e-05	29	1053672	2.75228e-05	amr	0	0.000784662	0	0	0	0	0	0	2.18169e-05	0	0.00100607	0	0	0	0	0	0	2.25383e-05	0	0.000192271	0	0	0	0	0	0	0
chrX	115191900	.	A	G	.	EXOMES_FILTERED	1	1163815	8.59243e-07	0	110157	0	1	1053658	9.49075e-07	amr	0	2.60518e-05	0	0	0	0	0	0	0	0	3.5957e-05	0	0	0	0	0	0	0	0	0	0	0	0	0	0	0	0
chrX	115191902	.	A	T	.	BOTH_FILTERED	4	1134576	3.52555e-06	4	89966	4.44612e-05	0	1044610	0	amr	2.09026e-05	5.68553e-05	0	0	0	1.16398e-06	0	0	0	0	0	0	0	0	0	0	0	0	4.28229e-05	0.000241313	0	0	0	2.21499e-05	0	0	0
chrX	115191903	.	A	G	.	PASS	1	1164280	8.589e-07	0	110561	0	1	1053719	9.4902e-07	nfe	0	0	0	0	0	1.14671e-06	0	0	0	0	0	0	0	0	1.22032e-06	0	0	0	0	0	0	0	0	0	0	0	0
chrX	115191904	.	C	G	.	EXOMES_FILTERED	1	1165683	8.57866e-07	0	111956	0	1	1053727	9.49012e-07	nfe	0	0	0	0	0	1.14627e-06	0	0	0	0	0	0	0	0	1.22032e-06	0	0	0	0	0	0	0	0	0	0	0	0
chrX	115191905	.	C	T	.	PASS	7	1164585	6.01072e-06	0	110861	0	7	1053724	6.64311e-06	sas	0	0	0	0	0	3.43984e-06	0	7.61586e-05	0	0	0	0	0	0	3.66096e-06	0	8.02987e-05	0	0	0	0	0	0	0	0	0	0
chrX	115191905	.	CGAGGTCACTCTCTCGATGCCAACAGCG	C	.	GENOMES_FILTERED	0	1162922	0	0	109199	0	0	1053723	0	.	0	0	0	0	0	0	0	0	0	0	0	0	0	0	0	0	0	0	0	0	0	0	0	0	0	0	0
chrX	115191906	.	G	A	.	PASS	5	1165432	4.29025e-06	0	111682	0	5	1053750	4.74496e-06	eas	1.79791e-05	0	0	3.26541e-05	0	2.29262e-06	0	0	2.17898e-05	4.01574e-05	0	0	3.68759e-05	0	2.44061e-06	0	0	2.25352e-05	0	0	0	0	0	0	0	0	0
chrX	115191908	.	G	A	.	PASS	1	1166554	8.57226e-07	0	112808	0	1	1053746	9.48995e-07	.	0	0	0	0	0	0	0	0	2.17756e-05	0	0	0	0	0	0	0	0	2.25337e-05	0	0	0	0	0	0	0	0	0
chrX	115191908	.	G	C	.	PASS	1	1166554	8.57226e-07	0	112808	0	1	1053746	9.48995e-07	nfe	0	0	0	0	0	1.14596e-06	0	0	0	0	0	0	0	0	1.22029e-06	0	0	0	0	0	0	0	0	0	0	0	0
chrX	115191909	.	G	A	.	EXOMES_FILTERED	2	1163619	1.71878e-06	1	109888	9.10017e-06	1	1053731	9.49009e-07	sas	1.82083e-05	0	0	0	0	0	0	1.90909e-05	0	0	0	0	0	0	0	0	2.00739e-05	0	3.33133e-05	0	0	0	0	0	0	0	0
chrX	115191909	.	G	T	.	EXOMES_FILTERED	1	1165472	8.58021e-07	0	111741	0	1	1053731	9.49009e-07	nfe	0	0	0	0	0	1.14623e-06	0	0	0	0	0	0	0	0	1.2203e-06	0	0	0	0	0	0	0	0	0	0	0	0
chrX	115191910	.	T	A	.	EXOMES_FILTERED	1	1127704	8.86758e-07	0	87468	0	1	1040236	9.6132e-07	nfe	0	0	0	0	0	1.16842e-06	0	0	0	0	0	0	0	0	1.23063e-06	0	0	0	0	0	0	0	0	0	0	0	0
chrX	115191910	.	T	C	.	BOTH_FILTERED	1	1126539	8.87675e-07	1	86315	1.15855e-05	0	1040224	0	afr	2.14261e-05	0	0	0	0	0	0	0	0	0	0	0	0	0	0	0	0	0	4.46927e-05	0	0	0	0	0	0	0	0
chrX	136874163	.	C	T	.	GENOMES_FILTERED	1	1209431	8.26835e-07	1	114325	8.74699e-06	0	1095106	0	nfe	0	0	0	0	0	1.11904e-06	0	0	0	0	0	0	0	0	0	0	0	0	0	0	0	0	0	1.86595e-05	0	0	0
chrX	136874164	.	C	T	.	PASS	1	1210339	8.26215e-07	0	114822	0	1	1095517	9.12811e-07	nfe	0	0	0	0	0	1.11864e-06	0	0	0	0	0	0	0	0	1.19008e-06	0	0	0	0	0	0	0	0	0	0	0	0
chrX	136874169	.	A	G	.	PASS	4	1210137	3.30541e-06	1	114192	8.75718e-06	3	1095945	2.73736e-06	afr	5.17572e-05	0	0	0	0	0	0	0	2.10402e-05	7.59186e-05	0	0	0	0	0	0	0	2.17491e-05	3.16266e-05	0	0	0	0	0	0	0	0
chrX	136874171	.	C	A	.	EXOMES_FILTERED	0	1210689	0	0	114812	0	0	1095877	0	.	0	0	0	0	0	0	0	0	0	0	0	0	0	0	0	0	0	0	0	0	0	0	0	0	0	0	0
chrX	136874176	.	C	A	.	EXOMES_FILTERED	1	1210935	8.25808e-07	1	114321	8.7473e-06	0	1096614	0	.	0	0	0	0	0	0	0	0	2.10265e-05	0	0	0	0	0	0	0	0	0	0	0	0	0	0	0	0	0	0.000644745
chrX	136874176	.	C	G	.	EXOMES_FILTERED	3	1210900	2.4775e-06	1	114318	8.74753e-06	2	1096582	1.82385e-06	nfe	0	0	0	0	0	3.35344e-06	0	0	0	0	0	0	0	0	2.37808e-06	0	0	0	0	0	0	0	0	1.86602e-05	0	0	0
chrX	136874177	.	G	A	.	EXOMES_FILTERED	1	1211492	8.25428e-07	0	114656	0	1	1096836	9.11713e-07	amr	0	2.16671e-05	0	0	0	0	0	0	0	0	2.8439e-05	0	0	0	0	0	0	0	0	0	0	0	0	0	0	0	0
chrX	136874179	.	C	G	.	BOTH_FILTERED	1	1211479	8.25437e-07	1	114396	8.74156e-06	0	1097083	0	mid	0	0	0	0	0	0	0.000231107	0	0	0	0	0	0	0	0	0	0	0	0	0	0	0	0	0	0.00458716	0	0
chrX	136874179	.	C	T	.	EXOMES_FILTERED	1	1211416	8.2548e-07	1	114343	8.74562e-06	0	1097073	0	nfe	0	0	0	0	0	1.11743e-06	0	0	0	0	0	0	0	0	0	0	0	0	0	0	0	0	0	1.86574e-05	0	0	0
chrX	136874182	.	C	T	.	BOTH_FILTERED	7	1211303	5.7789e-06	1	114328	8.74676e-06	6	1096975	5.46959e-06	afr	1.72271e-05	0	0	0	0.00010686	1.11739e-06	0	0	0	0	0	0	0	0.000123885	1.18857e-06	0	0	0	3.15816e-05	0	0	0	0	0	0	0	0
chrX	136874183	.	C	A	.	EXOMES_FILTERED	0	1150397	0	0	74437	0	0	1075960	0	.	0	0	0	0	0	0	0	0	0	0	0	0	0	0	0	0	0	0	0	0	0	0	0	0	0	0	0
chrX	136874183	.	C	G	.	BOTH_FILTERED	168648	617199	0.273247	26107	74066	0.352483	142541	543133	0.262442	afr	0.376696	0.349974	0.253317	0.157837	0.256124	0.273548	0.279472	0.174894	0.259308	0.336699	0.34439	0.241836	0.151923	0.259285	0.266822	0.276029	0.170971	0.255853	0.401612	0.366318	0.31355	0.199915	0.231239	0.348341	0.333333	0.240149	0.341164
chrX	136874184	.	T	C	.	PASS	3	1211841	2.47557e-06	2	114382	1.74853e-05	1	1097459	9.11196e-07	afr	5.16387e-05	0	0	0	0	0	0	0	0	3.79118e-05	0	0	0	0	0	0	0	0	6.30537e-05	0	0	0	0	0	0	0	0
chrX	136874184	.	T	G	.	PASS	1	1211803	8.25217e-07	1	114344	8.74554e-06	0	1097459	0	nfe	0	0	0	0	0	1.11711e-06	0	0	0	0	0	0	0	0	0	0	0	0	0	0	0	0	0	1.86571e-05	0	0	0
chrX	136874185	.	C	G	.	EXOMES_FILTERED	0	1212193	0	0	114769	0	0	1097424	0	.	0	0	0	0	0	0	0	0	0	0	0	0	0	0	0	0	0	0	0	0	0	0	0	0	0	0	0
chrX	136874188	.	C	A	.	BOTH_FILTERED	1	1211686	8.25296e-07	1	114322	8.74722e-06	0	1097364	0	amr	0	2.16849e-05	0	0	0	0	0	0	0	0	0	0	0	0	0	0	0	0	0	9.14328e-05	0	0	0	0	0	0	0
chrX	136874188	.	C	T	.	PASS	3	1212174	2.47489e-06	0	114813	0	3	1097361	2.73383e-06	eas	0	0	0	2.95316e-05	0	2.23424e-06	0	0	0	0	0	0	3.31345e-05	0	2.37669e-06	0	0	0	0	0	0	0	0	0	0	0	0
chrX	136874189	.	G	A	.	PASS	3	1212043	2.47516e-06	0	114679	0	3	1097364	2.73382e-06	eas	0	0	0	2.95377e-05	0	2.23429e-06	0	0	0	0	0	0	3.31378e-05	0	2.37667e-06	0	0	0	0	0	0	0	0	0	0	0	0
chrX	136874189	.	G	T	.	PASS	1	1212052	8.25047e-07	0	114679	0	1	1097373	9.11267e-07	nfe	0	0	0	0	0	1.11713e-06	0	0	0	0	0	0	0	0	1.18832e-06	0	0	0	0	0	0	0	0	0	0	0	0
chrX	136874190	.	G	A	.	GENOMES_FILTERED	0	1211757	0	0	114208	0	0	1097549	0	.	0	0	0	0	0	0	0	0	0	0	0	0	0	0	0	0	0	0	0	0	0	0	0	0	0	0	0
chrX	136874190	.	GCCA	G	.	EXOMES_FILTERED	4	1212225	3.29972e-06	0	114676	0	4	1097549	3.64448e-06	nfe	0	0	0	0	0	3.351e-06	0	0	2.09947e-05	0	0	0	0	0	3.56448e-06	0	0	2.17127e-05	0	0	0	0	0	0	0	0	0
chrX	136874191	.	C	T	.	EXOMES_FILTERED	0	1212462	0	0	114820	0	0	1097642	0	.	0	0	0	0	0	0	0	0	0	0	0	0	0	0	0	0	0	0	0	0	0	0	0	0	0	0	0
chrX	136874194	.	CCACCTCTTGGTGCTCCGCGGCTTG	C	.	EXOMES_FILTERED	1	1212575	8.24691e-07	0	114847	0	1	1097728	9.10972e-07	nfe	0	0	0	0	0	1.11679e-06	0	0	0	0	0	0	0	0	1.18799e-06	0	0	0	0	0	0	0	0	0	0	0	0
chrX	136874195	.	C	G	.	PASS	1	1212536	8.24718e-07	0	114802	0	1	1097734	9.10968e-07	nfe	0	0	0	0	0	1.1168e-06	0	0	0	0	0	0	0	0	1.18798e-06	0	0	0	0	0	0	0	0	0	0	0	0
chrX	136874195	.	C	T	.	PASS	1	1212057	8.25044e-07	1	114324	8.74707e-06	0	1097733	0	nfe	0	0	0	0	0	1.11687e-06	0	0	0	0	0	0	0	0	0	0	0	0	0	0	0	0	0	1.86588e-05	0	0	0
chrX	136874198	.	C	T	.	PASS	2	1212776	1.64911e-06	0	114817	0	2	1097959	1.82156e-06	nfe	0	0	0	0	0	1.1166e-06	0	0	2.09828e-05	0	0	0	0	0	1.18777e-06	0	0	2.17004e-05	0	0	0	0	0	0	0	0	0
chrX	136874200	.	C	G	.	EXOMES_FILTERED	0	1212777	0	0	114802	0	0	1097975	0	.	0	0	0	0	0	0	0	0	0	0	0	0	0	0	0	0	0	0	0	0	0	0	0	0	0	0	0
chrX	136874201	.	T	G	.	PASS	2	1212806	1.64907e-06	0	114820	0	2	1097986	1.82152e-06	nfe	0	0	0	0	0	2.23319e-06	0	0	0	0	0	0	0	0	2.37549e-06	0	0	0	0	0	0	0	0	0	0	0	0
chrX	136874202	.	T	C	.	PASS	2	1212315	1.64974e-06	2	114331	1.74931e-05	0	1097984	0	afr	3.44459e-05	0	0	0	0	0	0	0	0	0	0	0	0	0	0	0	0	0	6.31592e-05	0	0	0	0	0	0	0	0
chrX	136874203	.	G	A	.	EXOMES_FILTERED	0	1212652	0	0	114689	0	0	1097963	0	.	0	0	0	0	0	0	0	0	0	0	0	0	0	0	0	0	0	0	0	0	0	0	0	0	0	0	0
chrX	136874205	.	T	A	.	PASS	6	1212357	4.94904e-06	1	114327	8.74684e-06	5	1098030	4.55361e-06	eas	0	0	0	0.000177289	0	0	0	0	0	0	0	0	0.000165541	0	0	0	0	0	0	0	0	0.000274801	0	0	0	0	0
chrX	136874207	.	C	T	.	GENOMES_FILTERED	0	1212356	0	0	114329	0	0	1098027	0	.	0	0	0	0	0	0	0	0	0	0	0	0	0	0	0	0	0	0	0	0	0	0	0	0	0	0	0
chrX	136874209	.	C	G	.	EXOMES_FILTERED	0	1212832	0	0	114825	0	0	1098007	0	.	0	0	0	0	0	0	0	0	0	0	0	0	0	0	0	0	0	0	0	0	0	0	0	0	0	0	0
chrX	136874209	.	C	T	.	PASS	2	1212863	1.64899e-06	0	114825	0	2	1098038	1.82143e-06	nfe	0	0	0	0	0	2.23304e-06	0	0	0	0	0	0	0	0	2.37534e-06	0	0	0	0	0	0	0	0	0	0	0	0
chrX	136874209	.	CCGCGGCTTGAACTGCTGTAGGAAT	C	.	EXOMES_FILTERED	0	1212862	0	0	114825	0	0	1098037	0	.	0	0	0	0	0	0	0	0	0	0	0	0	0	0	0	0	0	0	0	0	0	0	0	0	0	0	0
chrX	136874210	.	C	G	.	EXOMES_FILTERED	1	1212808	8.24533e-07	0	114767	0	1	1098041	9.10713e-07	nfe	0	0	0	0	0	1.11653e-06	0	0	0	0	0	0	0	0	1.18767e-06	0	0	0	0	0	0	0	0	0	0	0	0
chrX	136874211	.	G	A	.	BOTH_FILTERED	142340	567633	0.250761	25192	72134	0.349239	117148	495499	0.236424	afr	0.369025	0.340827	0.237853	0.147377	0.252617	0.246965	0.275609	0.158518	0.236897	0.316159	0.332692	0.222991	0.139958	0.256524	0.237493	0.27335	0.153741	0.232241	0.399758	0.363214	0.31189	0.198457	0.221113	0.344819	0.310606	0.233631	0.340314
chrX	136874212	.	C	T	.	GENOMES_FILTERED	6	1212318	4.9492e-06	2	114302	1.74975e-05	4	1098016	3.64293e-06	afr	3.44572e-05	0	0	0	0	4.46649e-06	0	0	0	0	0	0	0	0	4.75084e-06	0	0	0	6.31971e-05	0	0	0	0	0	0	0	0
chrX	136874213	.	G	A	.	PASS	51	1211927	4.20817e-05	42	114129	0.000368005	9	1097798	8.19823e-06	afr	0.000779261	2.16821e-05	0	2.95578e-05	0	4.4665e-06	0	0	0	0.000152619	0	0	3.3106e-05	0	4.75078e-06	0	0	0	0.00130002	9.14328e-05	0	0	0	0	0	0	0
chrX	136874216	.	T	G	.	EXOMES_FILTERED	0	1212887	0	0	114838	0	0	1098049	0	.	0	0	0	0	0	0	0	0	0	0	0	0	0	0	0	0	0	0	0	0	0	0	0	0	0	0	0
chrX	136874251	.	C	G	.	EXOMES_FILTERED	0	1212842	0	0	114751	0	0	1098091	0	.	0	0	0	0	0	0	0	0	0	0	0	0	0	0	0	0	0	0	0	0	0	0	0	0	0	0	0
chrX	136874252	.	C	A	.	PASS	18070	1008904	0.0179105	3383	102727	0.0329319	14687	906177	0.0162077	mid	0.00438744	0.01279	0.0222736	0	0.0381845	0.0198158	0.0267906	0.0061586	0.0146494	0.00136649	0.00859689	0.0187569	0	0.0388373	0.0174779	0.026513	0.0058124	0.0141162	0.00689053	0.026535	0.0461945	0	0.0339345	0.054109	0.0319149	0.0125428	0.0294752
chrX	136874252	.	C	T	.	PASS	1	1195892	8.36196e-07	0	103108	0	1	1092784	9.15094e-07	afr	1.74328e-05	0	0	0	0	0	0	0	0	3.79363e-05	0	0	0	0	0	0	0	0	0	0	0	0	0	0	0	0	0
chrX	136874254	.	C	A	.	EXOMES_FILTERED	0	1212888	0	0	114799	0	0	1098089	0	.	0	0	0	0	0	0	0	0	0	0	0	0	0	0	0	0	0	0	0	0	0	0	0	0	0	0	0
chrX	136874256	.	T	A	.	PASS	1	1212847	8.24506e-07	0	114757	0	1	1098090	9.10672e-07	afr	1.71804e-05	0	0	0	0	0	0	0	0	3.78831e-05	0	0	0	0	0	0	0	0	0	0	0	0	0	0	0	0	0
chrX	136874260	.	A	G	.	PASS	1	1212336	8.24854e-07	1	114265	8.75159e-06	0	1098071	0	afr	1.72322e-05	0	0	0	0	0	0	0	0	0	0	0	0	0	0	0	0	0	3.16116e-05	0	0	0	0	0	0	0	0
chrX	136874261	.	T	A	.	PASS	1	1212806	8.24534e-07	0	114743	0	1	1098063	9.10695e-07	mid	0	0	0	0	0	0	0.000229885	0	0	0	0	0	0	0	0	0.000242014	0	0	0	0	0	0	0	0	0	0	0
chrX	136874261	.	T	C	.	BOTH_FILTERED	3	1212367	2.4745e-06	2	114308	1.74966e-05	1	1098059	9.10698e-07	afr	3.44584e-05	0	0	0	0	1.11658e-06	0	0	0	0	0	0	0	0	1.18767e-06	0	0	0	6.31951e-05	0	0	0	0	0	0	0	0
chrX	136874262	.	A	G	.	PASS	2	1212763	1.64913e-06	0	114702	0	2	1098061	1.82139e-06	afr	3.43684e-05	0	0	0	0	0	0	0	0	7.57719e-05	0	0	0	0	0	0	0	0	0	0	0	0	0	0	0	0	0
chrX	136874265	.	A	T	.	GENOMES_FILTERED	2	1212398	1.64962e-06	1	114303	8.74868e-06	1	1098095	9.10668e-07	afr	3.4459e-05	0	0	0	0	0	0	0	0	3.78845e-05	0	0	0	0	0	0	0	0	3.16016e-05	0	0	0	0	0	0	0	0
chrX	136874265	.	AG	A	.	EXOMES_FILTERED	1	1212833	8.24516e-07	0	114741	0	1	1098092	9.10671e-07	sas	0	0	0	0	0	0	0	1.75137e-05	0	0	0	0	0	0	0	0	1.8471e-05	0	0	0	0	0	0	0	0	0	0
chrX	136874266	.	G	A	.	PASS	2	1212880	1.64897e-06	0	114794	0	2	1098086	1.82135e-06	nfe	0	0	0	0	0	2.233e-06	0	0	0	0	0	0	0	0	2.37526e-06	0	0	0	0	0	0	0	0	0	0	0	0
chrX	136874266	.	G	C	.	EXOMES_FILTERED	1	1212411	8.24803e-07	1	114338	8.746e-06	0	1098073	0	.	0	0	4.53782e-05	0	0	0	0	0	0	0	0	0	0	0	0	0	0	0	0	0	0.000375094	0	0	0	0	0	0
chrX	136874266	.	G	T	.	GENOMES_FILTERED	0	1212413	0	0	114340	0	0	1098073	0	.	0	0	0	0	0	0	0	0	0	0	0	0	0	0	0	0	0	0	0	0	0	0	0	0	0	0	0
chrX	136874268	.	G	C	.	EXOMES_FILTERED	0	1212851	0	0	114764	0	0	1098087	0	.	0	0	0	0	0	0	0	0	0	0	0	0	0	0	0	0	0	0	0	0	0	0	0	0	0	0	0
chrX	136874272	.	A	G	.	EXOMES_FILTERED	2	1212847	1.64901e-06	0	114763	0	2	1098084	1.82135e-06	nfe	0	0	0	0	0	2.23303e-06	0	0	0	0	0	0	0	0	2.37529e-06	0	0	0	0	0	0	0	0	0	0	0	0
chrX	136874273	.	G	A	.	EXOMES_FILTERED	0	1212885	0	0	114804	0	0	1098081	0	.	0	0	0	0	0	0	0	0	0	0	0	0	0	0	0	0	0	0	0	0	0	0	0	0	0	0	0
chrX	136874273	.	G	C	.	BOTH_FILTERED	1	1212436	8.24786e-07	1	114355	8.7447e-06	0	1098081	0	afr	1.722e-05	0	0	0	0	0	0	0	0	0	0	0	0	0	0	0	0	0	3.15696e-05	0	0	0	0	0	0	0	0
chrX	136874274	.	C	T	.	EXOMES_FILTERED	0	1212835	0	0	114747	0	0	1098088	0	.	0	0	0	0	0	0	0	0	0	0	0	0	0	0	0	0	0	0	0	0	0	0	0	0	0	0	0
chrX	136874275	.	C	T	.	PASS	1	1212811	8.24531e-07	0	114715	0	1	1098096	9.10667e-07	nfe	0	0	0	0	0	1.11651e-06	0	0	0	0	0	0	0	0	1.18763e-06	0	0	0	0	0	0	0	0	0	0	0	0
chrX	136874276	.	C	G	.	EXOMES_FILTERED	0	1212811	0	0	114726	0	0	1098085	0	.	0	0	0	0	0	0	0	0	0	0	0	0	0	0	0	0	0	0	0	0	0	0	0	0	0	0	0
chrX	136874276	.	C	T	.	EXOMES_FILTERED	0	1212812	0	0	114726	0	0	1098086	0	.	0	0	0	0	0	0	0	0	0	0	0	0	0	0	0	0	0	0	0	0	0	0	0	0	0	0	0
chrX	136874277	.	T	C	.	PASS	1	1212845	8.24508e-07	0	114750	0	1	1098095	9.10668e-07	nfe	0	0	0	0	0	1.11649e-06	0	0	0	0	0	0	0	0	1.18763e-06	0	0	0	0	0	0	0	0	0	0	0	0
chrX	136874279	.	TTTC	T	.	PASS	1	1212916	8.24459e-07	0	114822	0	1	1098094	9.10669e-07	nfe	0	0	0	0	0	1.11648e-06	0	0	0	0	0	0	0	0	1.18763e-06	0	0	0	0	0	0	0	0	0	0	0	0
chrX	136874282	.	C	G	.	PASS	7	1212423	5.77356e-06	1	114330	8.74661e-06	6	1098093	5.46402e-06	nfe	0	0	0	0	0	6.69925e-06	0	0	2.0993e-05	0	0	0	0	0	5.93816e-06	0	0	2.16986e-05	0	0	0	0	0	1.86525e-05	0	0	0
chrX	136874282	.	C	T	.	EXOMES_FILTERED	0	1212903	0	0	114809	0	0	1098094	0	.	0	0	0	0	0	0	0	0	0	0	0	0	0	0	0	0	0	0	0	0	0	0	0	0	0	0	0
chrX	136874283	.	T	C	.	BOTH_FILTERED	1	1212439	8.24784e-07	1	114345	8.74546e-06	0	1098094	0	nfe	0	0	0	0	0	1.11654e-06	0	0	0	0	0	0	0	0	0	0	0	0	0	0	0	0	0	1.86518e-05	0	0	0
chrX	136876589	.	C	T	.	PASS	4	1208336	3.31034e-06	0	113081	0	4	1095255	3.65212e-06	nfe	0	0	0	0	0	4.47533e-06	0	0	0	0	0	0	0	0	4.75906e-06	0	0	0	0	0	0	0	0	0	0	0	0
chrX	136876596	.	T	C	.	EXOMES_FILTERED	0	1208876	0	0	113583	0	0	1095293	0	.	0	0	0	0	0	0	0	0	0	0	0	0	0	0	0	0	0	0	0	0	0	0	0	0	0	0	0
chrX	136876597	.	T	A	.	PASS	1	1206456	8.28874e-07	1	111164	8.99572e-06	0	1095292	0	nfe	0	0	0	0	0	1.11927e-06	0	0	0	0	0	0	0	0	0	0	0	0	0	0	0	0	0	1.88954e-05	0	0	0
chrX	136876597	.	T	C	.	PASS	17	1206509	1.40902e-05	9	111217	8.09229e-05	8	1095292	7.30399e-06	afr	0.00024592	0	0	5.95185e-05	0	1.11927e-06	0	0	0	0.000190006	0	0	6.6454e-05	0	1.18974e-06	0	0	0	0.000293983	0	0	0	0	0	0	0	0
chrX	136876599	.	C	T	.	EXOMES_FILTERED	3	1208320	2.48279e-06	0	113270	0	3	1095050	2.7396e-06	nfe	0	0	0	0	0	3.35663e-06	0	0	0	0	0	0	0	0	3.5696e-06	0	0	0	0	0	0	0	0	0	0	0	0
chrX	136876600	.	TG	T	.	EXOMES_FILTERED	0	1208821	0	0	113518	0	0	1095303	0	.	0	0	0	0	0	0	0	0	0	0	0	0	0	0	0	0	0	0	0	0	0	0	0	0	0	0	0
chrX	136876605	.	G	C	.	EXOMES_FILTERED	1	1206081	8.29132e-07	0	113102	0	1	1092979	9.14931e-07	nfe	0	0	0	0	0	1.11969e-06	0	0	0	0	0	0	0	0	1.19076e-06	0	0	0	0	0	0	0	0	0	0	0	0
chrX	136876607	.	G	A	.	EXOMES_FILTERED	0	1204811	0	0	112726	0	0	1092085	0	.	0	0	0	0	0	0	0	0	0	0	0	0	0	0	0	0	0	0	0	0	0	0	0	0	0	0	0
chrX	136876608	.	G	A	.	EXOMES_FILTERED	2	1205338	1.65929e-06	0	112774	0	2	1092564	1.83056e-06	nfe	0	0	0	0	0	2.23989e-06	0	0	0	0	0	0	0	0	2.38193e-06	0	0	0	0	0	0	0	0	0	0	0	0
chrX	136876609	.	T	G	.	PASS	122	1202203	0.00010148	9	110282	8.1609e-05	113	1091921	0.000103487	sas	0	0	0	0	0	0	0	0.00213432	8.45541e-05	0	0	0	0	0	0	0	0.00206792	8.72962e-05	0	0	0	0	0	0	0	0.00349243	0
chrX	136876612	.	C	G	.	EXOMES_FILTERED	1	1203543	8.3088e-07	0	112944	0	1	1090599	9.16927e-07	nfe	0	0	0	0	0	1.12072e-06	0	0	0	0	0	0	0	0	1.19184e-06	0	0	0	0	0	0	0	0	0	0	0	0
chrX	136876616	.	G	C	.	EXOMES_FILTERED	1	1202035	8.31923e-07	0	112443	0	1	1089592	9.17775e-07	nfe	0	0	0	0	0	1.12164e-06	0	0	0	0	0	0	0	0	1.19278e-06	0	0	0	0	0	0	0	0	0	0	0	0
chrX	136877923	.	C	A	.	EXOMES_FILTERED	0	1200982	0	0	113191	0	0	1087791	0	.	0	0	0	0	0	0	0	0	0	0	0	0	0	0	0	0	0	0	0	0	0	0	0	0	0	0	0
chrX	136877924	.	C	A	.	EXOMES_FILTERED	0	1200751	0	0	113256	0	0	1087495	0	.	0	0	0	0	0	0	0	0	0	0	0	0	0	0	0	0	0	0	0	0	0	0	0	0	0	0	0
chrX	136877925	.	T	C	.	EXOMES_FILTERED	0	1201924	0	0	113290	0	0	1088634	0	.	0	0	0	0	0	0	0	0	0	0	0	0	0	0	0	0	0	0	0	0	0	0	0	0	0	0	0
chrX	136877925	.	TC	T	.	EXOMES_FILTERED	0	1201924	0	0	113290	0	0	1088634	0	.	0	0	0	0	0	0	0	0	0	0	0	0	0	0	0	0	0	0	0	0	0	0	0	0	0	0	0
chrX	136877927	.	C	A	.	EXOMES_FILTERED	0	1203343	0	0	113224	0	0	1090119	0	.	0	0	0	0	0	0	0	0	0	0	0	0	0	0	0	0	0	0	0	0	0	0	0	0	0	0	0
chrX	136877929	.	C	T	.	EXOMES_FILTERED	0	1205093	0	0	113319	0	0	1091774	0	.	0	0	0	0	0	0	0	0	0	0	0	0	0	0	0	0	0	0	0	0	0	0	0	0	0	0	0
chrX	136877930	.	G	A	.	EXOMES_FILTERED	1	1204246	8.30395e-07	0	113035	0	1	1091211	9.16413e-07	nfe	0	0	0	0	0	1.12194e-06	0	0	0	0	0	0	0	0	1.19329e-06	0	0	0	0	0	0	0	0	0	0	0	0
chrX	136877930	.	G	T	.	EXOMES_FILTERED	0	1204249	0	0	113035	0	0	1091214	0	.	0	0	0	0	0	0	0	0	0	0	0	0	0	0	0	0	0	0	0	0	0	0	0	0	0	0	0
chrX	136877933	.	A	C	.	PASS	1	1205875	8.29273e-07	0	113429	0	1	1092446	9.15377e-07	eas	0	0	0	2.96498e-05	0	0	0	0	0	0	0	0	3.32347e-05	0	0	0	0	0	0	0	0	0	0	0	0	0	0
chrX	136877934	.	G	C	.	EXOMES_FILTERED	2	1205798	1.65865e-06	0	113415	0	2	1092383	1.83086e-06	nfe	0	0	0	0	0	1.12087e-06	0	0	2.11144e-05	0	0	0	0	0	1.19223e-06	0	0	2.18288e-05	0	0	0	0	0	0	0	0	0
chrX	136877936	.	G	T	.	EXOMES_FILTERED	0	1205927	0	0	113345	0	0	1092582	0	.	0	0	0	0	0	0	0	0	0	0	0	0	0	0	0	0	0	0	0	0	0	0	0	0	0	0	0
chrX	136877937	.	A	G	.	EXOMES_FILTERED	0	1206171	0	0	113429	0	0	1092742	0	.	0	0	0	0	0	0	0	0	0	0	0	0	0	0	0	0	0	0	0	0	0	0	0	0	0	0	0
chrX	136877938	.	G	A	.	EXOMES_FILTERED	0	1205996	0	0	113386	0	0	1092610	0	.	0	0	0	0	0	0	0	0	0	0	0	0	0	0	0	0	0	0	0	0	0	0	0	0	0	0	0
chrX	136877939	.	G	A	.	EXOMES_FILTERED	0	1206005	0	0	113338	0	0	1092667	0	.	0	0	0	0	0	0	0	0	0	0	0	0	0	0	0	0	0	0	0	0	0	0	0	0	0	0	0
chrX	136877939	.	G	T	.	EXOMES_FILTERED	0	1206003	0	0	113338	0	0	1092665	0	.	0	0	0	0	0	0	0	0	0	0	0	0	0	0	0	0	0	0	0	0	0	0	0	0	0	0	0
chrX	136877940	.	T	C	.	PASS	7	1202750	5.82e-06	1	110967	9.01169e-06	6	1091783	5.4956e-06	nfe	0	0	0	0	0	7.85254e-06	0	0	0	0	0	0	0	0	7.15587e-06	0	0	0	0	0	0	0	0	1.88829e-05	0	0	0
chrX	136877940	.	TC	T	.	EXOMES_FILTERED	0	1204514	0	0	112735	0	0	1091779	0	.	0	0	0	0	0	0	0	0	0	0	0	0	0	0	0	0	0	0	0	0	0	0	0	0	0	0	0
chrX	136877941	.	C	A	.	EXOMES_FILTERED	1	1207685	8.2803e-07	0	113459	0	1	1094226	9.13888e-07	nfe	0	0	0	0	0	1.11955e-06	0	0	0	0	0	0	0	0	1.19076e-06	0	0	0	0	0	0	0	0	0	0	0	0
chrX	136877941	.	C	G	.	EXOMES_FILTERED	4	1207686	3.31212e-06	0	113459	0	4	1094227	3.65555e-06	nfe	0	0	0	0	0	4.47819e-06	0	0	0	0	0	0	0	0	4.76304e-06	0	0	0	0	0	0	0	0	0	0	0	0
chrX	136877945	.	T	C	.	EXOMES_FILTERED	1	1208576	8.2742e-07	0	113709	0	1	1094867	9.13353e-07	nfe	0	0	0	0	0	1.11901e-06	0	0	0	0	0	0	0	0	1.1902e-06	0	0	0	0	0	0	0	0	0	0	0	0
chrX	136877947	.	G	C	.	PASS	1	1207776	8.27968e-07	0	113351	0	1	1094425	9.13722e-07	nfe	0	0	0	0	0	1.11939e-06	0	0	0	0	0	0	0	0	1.19054e-06	0	0	0	0	0	0	0	0	0	0	0	0
chrX	136877948	.	T	C	.	EXOMES_FILTERED	0	1207105	0	0	113068	0	0	1094037	0	.	0	0	0	0	0	0	0	0	0	0	0	0	0	0	0	0	0	0	0	0	0	0	0	0	0	0	0
chrX	136877949	.	T	A	.	PASS	1	1207718	8.28008e-07	0	113261	0	1	1094457	9.13695e-07	nfe	0	0	0	0	0	1.11933e-06	0	0	0	0	0	0	0	0	1.19049e-06	0	0	0	0	0	0	0	0	0	0	0	0
chrX	136877950	.	C	T	.	BOTH_FILTERED	1	1205890	8.29263e-07	0	111482	0	1	1094408	9.13736e-07	nfe	0	0	0	0	0	1.11977e-06	0	0	0	0	0	0	0	0	1.19056e-06	0	0	0	0	0	0	0	0	0	0	0	0
chrX	136877951	.	CT	C	.	EXOMES_FILTERED	0	1208199	0	0	113358	0	0	1094841	0	.	0	0	0	0	0	0	0	0	0	0	0	0	0	0	0	0	0	0	0	0	0	0	0	0	0	0	0
chrX	136877955	.	ACTTCCTCCT	A	.	EXOMES_FILTERED	3	1208809	2.48178e-06	0	113302	0	3	1095507	2.73846e-06	nfe	0	0	0	0	0	3.35609e-06	0	0	0	0	0	0	0	0	3.56926e-06	0	0	0	0	0	0	0	0	0	0	0	0
chrX	136877956	.	C	G	.	PASS	1	1207344	8.28264e-07	1	111657	8.956e-06	0	1095687	0	eas	0	0	0	2.96701e-05	0	0	0	0	0	0	0	0	0	0	0	0	0	0	0	0	0	0.000281373	0	0	0	0	0
chrX	136877957	.	T	C	.	EXOMES_FILTERED	0	1209032	0	0	113361	0	0	1095671	0	.	0	0	0	0	0	0	0	0	0	0	0	0	0	0	0	0	0	0	0	0	0	0	0	0	0	0	0
chrX	136877958	.	T	C	.	EXOMES_FILTERED	0	1208696	0	0	113164	0	0	1095532	0	.	0	0	0	0	0	0	0	0	0	0	0	0	0	0	0	0	0	0	0	0	0	0	0	0	0	0	0
chrX	136877960	.	C	T	.	BOTH_FILTERED	6560	952511	0.00688706	8	107534	7.43951e-05	6552	844977	0.00775406	amr	0.00750622	0.0437475	0.02096	0.00134417	0.0060302	0.00477841	0.0105761	0.0122209	0.00766243	0.0186063	0.063171	0.0247197	0.00151319	0.00705164	0.00515174	0.0112326	0.0131228	0.00796638	0.00010201	0.00019976	0	0	0	3.87695e-05	0	0.000397298	0
chrX	136877961	.	T	C	.	EXOMES_FILTERED	5	1207249	4.14165e-06	1	111596	8.96089e-06	4	1095653	3.65079e-06	sas	0	0	0	0	0	0	0	7.10152e-05	2.10624e-05	0	0	0	0	0	0	0	5.59347e-05	2.17562e-05	0	0	0	0	0	0	0	0.000371471	0
chrX	136877961	.	TCCTCTTCCA	T	.	PASS	3	1209031	2.48133e-06	0	113374	0	3	1095657	2.73808e-06	.	0	0	4.55104e-05	0	4.27551e-05	0	0	0	0	0	0	5.17893e-05	0	4.94425e-05	0	0	0	0	0	0	0	0	0	0	0	0	0
chrX	136877962	.	C	G	.	EXOMES_FILTERED	1	1209100	8.27061e-07	0	113392	0	1	1095708	9.12652e-07	nfe	0	0	0	0	0	1.11856e-06	0	0	0	0	0	0	0	0	1.18961e-06	0	0	0	0	0	0	0	0	0	0	0	0
chrX	136877967	.	T	C	.	EXOMES_FILTERED	0	1209454	0	0	113457	0	0	1095997	0	.	0	0	0	0	0	0	0	0	0	0	0	0	0	0	0	0	0	0	0	0	0	0	0	0	0	0	0
chrX	136877969	.	C	T	.	EXOMES_FILTERED	0	1209022	0	0	113461	0	0	1095561	0	.	0	0	0	0	0	0	0	0	0	0	0	0	0	0	0	0	0	0	0	0	0	0	0	0	0	0	0
chrX	136877971	.	C	A	.	PASS	1	1210052	8.26411e-07	0	113376	0	1	1096676	9.11846e-07	nfe	0	0	0	0	0	1.11783e-06	0	0	0	0	0	0	0	0	1.18876e-06	0	0	0	0	0	0	0	0	0	0	0	0
chrX	136877973	.	T	G	.	EXOMES_FILTERED	1	1210090	8.26385e-07	0	113184	0	1	1096906	9.11655e-07	nfe	0	0	0	0	0	1.11772e-06	0	0	0	0	0	0	0	0	1.1886e-06	0	0	0	0	0	0	0	0	0	0	0	0
chrX	136877976	.	A	G	.	GENOMES_FILTERED	0	1208364	0	0	111511	0	0	1096853	0	.	0	0	0	0	0	0	0	0	0	0	0	0	0	0	0	0	0	0	0	0	0	0	0	0	0	0	0
chrX	136877978	.	G	A	.	EXOMES_FILTERED	1	1209372	8.26875e-07	0	112895	0	1	1096477	9.12012e-07	nfe	0	0	0	0	0	1.11811e-06	0	0	0	0	0	0	0	0	1.18894e-06	0	0	0	0	0	0	0	0	0	0	0	0
chrX	136877979	.	A	G	.	EXOMES_FILTERED	0	1208634	0	0	112131	0	0	1096503	0	.	0	0	0	0	0	0	0	0	0	0	0	0	0	0	0	0	0	0	0	0	0	0	0	0	0	0	0
chrX	136877980	.	C	A	.	EXOMES_FILTERED	1	1210144	8.26348e-07	0	113504	0	1	1096640	9.11876e-07	nfe	0	0	0	0	0	1.11798e-06	0	0	0	0	0	0	0	0	1.18895e-06	0	0	0	0	0	0	0	0	0	0	0	0
chrX	136877984	.	T	C	.	EXOMES_FILTERED	2	1208810	1.65452e-06	1	111676	8.95448e-06	1	1097134	9.11466e-07	nfe	0	0	0	0	0	2.23582e-06	0	0	0	0	0	0	0	0	1.18846e-06	0	0	0	0	0	0	0	0	1.88313e-05	0	0	0
chrX	136877986	.	G	T	.	EXOMES_FILTERED	2	1209487	1.65359e-06	0	113277	0	2	1096210	1.82447e-06	nfe	0	0	0	0	0	2.23695e-06	0	0	0	0	0	0	0	0	2.37894e-06	0	0	0	0	0	0	0	0	0	0	0	0
chrX	136877987	.	G	GAA	.	BOTH_FILTERED	13855	862073	0.0160717	10	104287	9.58892e-05	13845	757786	0.0182703	amr	0.0136656	0.0682344	0.0334666	0.00429244	0.0109753	0.0137492	0.0175234	0.0221746	0.0165555	0.0355457	0.0997045	0.0395464	0.00485646	0.0130189	0.0149269	0.0186741	0.0239273	0.0172414	0.000140622	0.00030861	0	0	0.000182849	3.98843e-05	0	0	0
chrX	136877987	.	G	T	.	EXOMES_FILTERED	0	1174238	0	0	105943	0	0	1068295	0	.	0	0	0	0	0	0	0	0	0	0	0	0	0	0	0	0	0	0	0	0	0	0	0	0	0	0	0
chrX	136877989	.	G	A	.	PASS	1	1209191	8.26999e-07	0	113391	0	1	1095800	9.12575e-07	nfe	0	0	0	0	0	1.11871e-06	0	0	0	0	0	0	0	0	1.18974e-06	0	0	0	0	0	0	0	0	0	0	0	0
chrX	136877990	.	G	A	.	PASS	1	1208677	8.27351e-07	0	112964	0	1	1095713	9.12648e-07	nfe	0	0	0	0	0	1.11892e-06	0	0	0	0	0	0	0	0	1.18982e-06	0	0	0	0	0	0	0	0	0	0	0	0
chrX	136877991	.	G	A	.	PASS	4	1209542	3.30704e-06	0	113293	0	4	1096249	3.64881e-06	nfe	0	0	0	0	0	4.47366e-06	0	0	0	0	0	0	0	0	4.7575e-06	0	0	0	0	0	0	0	0	0	0	0	0
chrX	136877991	.	G	C	.	EXOMES_FILTERED	0	1209540	0	0	113293	0	0	1096247	0	.	0	0	0	0	0	0	0	0	0	0	0	0	0	0	0	0	0	0	0	0	0	0	0	0	0	0	0
chrX	136877991	.	G	T	.	PASS	3	1207590	2.48429e-06	2	111343	1.79625e-05	1	1096247	9.12203e-07	afr	5.26796e-05	0	0	0	0	0	0	0	0	3.79176e-05	0	0	0	0	0	0	0	0	6.54129e-05	0	0	0	0	0	0	0	0
chrX	136877994	.	T	C	.	EXOMES_FILTERED	1	1210566	8.2606e-07	0	113724	0	1	1096842	9.11708e-07	amr	0	2.17387e-05	0	0	0	0	0	0	0	0	2.84277e-05	0	0	0	0	0	0	0	0	0	0	0	0	0	0	0	0
chrX	136877997	.	A	G	.	EXOMES_FILTERED	2	1209289	1.65386e-06	0	112773	0	2	1096516	1.82396e-06	nfe	0	0	0	0	0	2.23649e-06	0	0	0	0	0	0	0	0	2.37802e-06	0	0	0	0	0	0	0	0	0	0	0	0
chrX	147944977	.	G	A	.	PASS	21	1204066	1.74409e-05	1	109963	9.09397e-06	20	1094103	1.82798e-05	nfe	0	0	0	0	0	2.24149e-05	0	0	2.10846e-05	0	0	0	0	0	2.2631e-05	0	0	2.1759e-05	0	0	0	0	0	1.89732e-05	0	0	0
chrX	147944979	.	A	G	.	PASS	7	1204084	5.81355e-06	1	110089	9.08356e-06	6	1093995	5.48449e-06	eas	0	0	0	0.000207894	0	0	0	0	0	0	0	0	0.000198919	0	0	0	0	0	0	0	0	0.000285063	0	0	0	0	0
chrX	147944983	.	G	A	.	PASS	1	1205473	8.2955e-07	0	112669	0	1	1092804	9.15077e-07	nfe	0	0	0	0	0	1.12118e-06	0	0	0	0	0	0	0	0	1.1923e-06	0	0	0	0	0	0	0	0	0	0	0	0
chrX	147944987	.	C	A	.	PASS	1	1201663	8.3218e-07	0	111393	0	1	1090270	9.17204e-07	nfe	0	0	0	0	0	1.12362e-06	0	0	0	0	0	0	0	0	1.19463e-06	0	0	0	0	0	0	0	0	0	0	0	0
chrX	147944987	.	C	T	.	PASS	15	1201664	1.24827e-05	0	111393	0	15	1090271	1.3758e-05	amr	0	4.43892e-05	0	0	0	1.23598e-05	0	1.79656e-05	2.11349e-05	0	5.79777e-05	0	0	0	1.3141e-05	0	1.88537e-05	2.18274e-05	0	0	0	0	0	0	0	0	0
chrX	147944988	.	G	A	.	PASS	3	1203129	2.4935e-06	0	112492	0	3	1090637	2.75069e-06	sas	0	0	0	0	0	2.246e-06	0	1.79269e-05	0	0	0	0	0	0	2.38859e-06	0	1.88349e-05	0	0	0	0	0	0	0	0	0	0
chrX	147944991	.	C	G	.	PASS	2	1201519	1.66456e-06	0	111638	0	2	1089881	1.83506e-06	nfe	0	0	0	0	0	2.24769e-06	0	0	0	0	0	0	0	0	2.38989e-06	0	0	0	0	0	0	0	0	0	0	0	0
chrX	147944992	.	G	A	.	PASS	1	1199587	8.3362e-07	1	109795	9.10788e-06	0	1089792	0	afr	1.77437e-05	0	0	0	0	0	0	0	0	0	0	0	0	0	0	0	0	0	3.32779e-05	0	0	0	0	0	0	0	0
chrX	147944994	.	C	T	.	EXOMES_FILTERED	0	1199887	0	0	111358	0	0	1088529	0	.	0	0	0	0	0	0	0	0	0	0	0	0	0	0	0	0	0	0	0	0	0	0	0	0	0	0	0
chrX	147944995	.	G	A	.	EXOMES_FILTERED	8	1197561	6.68024e-06	2	109844	1.82076e-05	6	1087717	5.51614e-06	nfe	0	0	0	0	2.18322e-05	7.88065e-06	0	0	0	0	0	0	0	2.50282e-05	5.9843e-06	0	0	0	0	0	0	0	0	3.79269e-05	0	0	0
chrX	147944997	.	C	A	.	EXOMES_FILTERED	0	1198884	0	0	111416	0	0	1087468	0	.	0	0	0	0	0	0	0	0	0	0	0	0	0	0	0	0	0	0	0	0	0	0	0	0	0	0	0
chrX	147944997	.	C	T	.	PASS	1	1198887	8.34107e-07	0	111416	0	1	1087471	9.19565e-07	.	0	0	0	0	2.17264e-05	0	0	0	0	0	0	0	0	2.50288e-05	0	0	0	0	0	0	0	0	0	0	0	0	0
chrX	147944998	.	G	A	.	PASS	6	1200363	4.99849e-06	0	112840	0	6	1087523	5.51712e-06	sas	0	0	0	0	0	4.50107e-06	0	3.59971e-05	0	0	0	0	0	0	4.78795e-06	0	3.78587e-05	0	0	0	0	0	0	0	0	0	0
chrX	147944998	.	G	C	.	PASS	3	1200364	2.49924e-06	0	112840	0	3	1087524	2.75856e-06	sas	0	0	0	0	0	1.12527e-06	0	1.79986e-05	2.11645e-05	0	0	0	0	0	1.19699e-06	0	1.89294e-05	2.18742e-05	0	0	0	0	0	0	0	0	0
chrX	147945000	.	G	A	.	PASS	1	1198477	8.34392e-07	0	112749	0	1	1085728	9.21041e-07	.	0	0	4.5977e-05	0	0	0	0	0	0	0	0	5.23423e-05	0	0	0	0	0	0	0	0	0	0	0	0	0	0	0
chrX	147945001	.	G	C	.	PASS	3	1198839	2.50242e-06	0	112837	0	3	1086002	2.76243e-06	nfe	0	0	0	0	0	3.3796e-06	0	0	0	0	0	0	0	0	3.59515e-06	0	0	0	0	0	0	0	0	0	0	0	0
chrX	147945002	.	A	AGGG	.	EXOMES_FILTERED	1	1197253	8.35245e-07	0	112443	0	1	1084810	9.2182e-07	amr	0	2.25251e-05	0	0	0	0	0	0	0	0	2.96718e-05	0	0	0	0	0	0	0	0	0	0	0	0	0	0	0	0
chrX	147945002	.	A	T	.	EXOMES_FILTERED	0	1197251	0	0	112443	0	0	1084808	0	.	0	0	0	0	0	0	0	0	0	0	0	0	0	0	0	0	0	0	0	0	0	0	0	0	0	0	0
chrX	147945004	.	G	A	.	PASS	1	1195203	8.36678e-07	1	110018	9.08942e-06	0	1085185	0	afr	1.77459e-05	0	0	0	0	0	0	0	0	0	0	0	0	0	0	0	0	0	3.31818e-05	0	0	0	0	0	0	0	0
chrX	147945004	.	G	C	.	PASS	3	1197998	2.50418e-06	0	112812	0	3	1085186	2.7645e-06	mid	0	0	0	2.98392e-05	0	1.12713e-06	0.000230894	0	0	0	0	0	3.34169e-05	0	1.19905e-06	0.000243072	0	0	0	0	0	0	0	0	0	0	0
chrX	147945004	.	G	T	.	PASS	14	1195204	1.17135e-05	1	110018	9.08942e-06	13	1085186	1.19795e-05	amr	0	9.08781e-05	0	0	0	7.89434e-06	0	1.81511e-05	4.2452e-05	0	8.8968e-05	0	0	0	8.39337e-06	0	1.89948e-05	4.38202e-05	0	9.71345e-05	0	0	0	0	0	0	0
chrX	147945005	.	G	A	.	EXOMES_FILTERED	0	1196259	0	0	112668	0	0	1083591	0	.	0	0	0	0	0	0	0	0	0	0	0	0	0	0	0	0	0	0	0	0	0	0	0	0	0	0	0
chrX	147945005	.	G	GGGAGGAAGAGGACAA	.	PASS	1	1196261	8.35938e-07	0	112668	0	1	1083593	9.22856e-07	eas	0	0	0	2.98945e-05	0	0	0	0	0	0	0	0	3.34773e-05	0	0	0	0	0	0	0	0	0	0	0	0	0	0
chrX	147945005	.	GGGAGGAAGAGGACAA	G	.	EXOMES_FILTERED	2	1196261	1.67188e-06	0	112668	0	2	1083593	1.84571e-06	nfe	0	0	0	0	0	2.25695e-06	0	0	0	0	0	0	0	0	2.40107e-06	0	0	0	0	0	0	0	0	0	0	0	0
chrX	147945006	.	G	A	.	EXOMES_FILTERED	0	1195912	0	0	112616	0	0	1083296	0	.	0	0	0	0	0	0	0	0	0	0	0	0	0	0	0	0	0	0	0	0	0	0	0	0	0	0	0
chrX	147945006	.	G	T	.	EXOMES_FILTERED	0	1195913	0	0	112616	0	0	1083297	0	.	0	0	0	0	0	0	0	0	0	0	0	0	0	0	0	0	0	0	0	0	0	0	0	0	0	0	0
chrX	147945008	.	A	G	.	EXOMES_FILTERED	0	1194161	0	0	112178	0	0	1081983	0	.	0	0	0	0	0	0	0	0	0	0	0	0	0	0	0	0	0	0	0	0	0	0	0	0	0	0	0
chrX	147945010	.	G	T	.	EXOMES_FILTERED	0	1195085	0	0	112781	0	0	1082304	0	.	0	0	0	0	0	0	0	0	0	0	0	0	0	0	0	0	0	0	0	0	0	0	0	0	0	0	0
chrX	147945012	.	A	G	.	PASS	3	1191905	2.51698e-06	1	109927	9.09695e-06	2	1081978	1.84847e-06	nfe	0	0	0	0	0	3.39069e-06	0	0	0	0	0	0	0	0	2.40359e-06	0	0	0	0	0	0	0	0	1.89797e-05	0	0	0
chrX	147945014	.	A	G	.	PASS	2	1192056	1.67777e-06	0	112702	0	2	1079354	1.85296e-06	afr	1.74865e-05	0	0	0	0	0	0	0	2.12915e-05	3.8323e-05	0	0	0	0	0	0	0	2.20075e-05	0	0	0	0	0	0	0	0	0
chrX	147945017	.	A	G	.	PASS	1	1192040	8.38898e-07	0	112490	0	1	1079550	9.26312e-07	sas	0	0	0	0	0	0	0	1.82292e-05	0	0	0	0	0	0	0	0	1.91835e-05	0	0	0	0	0	0	0	0	0	0
chrX	147945025	.	G	T	.	EXOMES_FILTERED	0	1188758	0	0	112837	0	0	1075921	0	.	0	0	0	0	0	0	0	0	0	0	0	0	0	0	0	0	0	0	0	0	0	0	0	0	0	0	0
chrX	147945027	.	A	G	.	EXOMES_FILTERED	0	1187452	0	0	112903	0	0	1074549	0	.	0	0	0	0	0	0	0	0	0	0	0	0	0	0	0	0	0	0	0	0	0	0	0	0	0	0	0
chrX	147945029	.	A	G	.	PASS	3	1184135	2.53349e-06	0	112756	0	3	1071379	2.80013e-06	nfe	0	0	0	0	0	3.40955e-06	0	0	0	0	0	0	0	0	3.6292e-06	0	0	0	0	0	0	0	0	0	0	0	0
chrX	147945031	.	G	T	.	PASS	2	1184451	1.68855e-06	0	112721	0	2	1071730	1.86614e-06	nfe	0	0	0	0	0	2.27239e-06	0	0	0	0	0	0	0	0	2.41871e-06	0	0	0	0	0	0	0	0	0	0	0	0
chrX	147945033	.	C	T	.	PASS	2	1182656	1.69111e-06	0	112220	0	2	1070436	1.8684e-06	nfe	0	0	0	0	0	2.27467e-06	0	0	0	0	0	0	0	0	2.42088e-06	0	0	0	0	0	0	0	0	0	0	0	0
chrX	147945033	.	CGTG	C	.	PASS	1	1182656	8.45554e-07	0	112220	0	1	1070436	9.34199e-07	nfe	0	0	0	0	0	1.13734e-06	0	0	0	0	0	0	0	0	1.21044e-06	0	0	0	0	0	0	0	0	0	0	0	0
chrX	147945034	.	G	A	.	PASS	6	1182997	5.07186e-06	0	112880	0	6	1070117	5.60686e-06	sas	0	0	0	0	0	1.13728e-06	0	9.24642e-05	0	0	0	0	0	0	1.21062e-06	0	9.74374e-05	0	0	0	0	0	0	0	0	0	0
chrX	147945034	.	G	T	.	EXOMES_FILTERED	0	1182997	0	0	112880	0	0	1070117	0	.	0	0	0	0	0	0	0	0	0	0	0	0	0	0	0	0	0	0	0	0	0	0	0	0	0	0	0
chrX	147945035	.	T	C	.	PASS	1	1178822	8.48304e-07	1	109680	9.11743e-06	0	1069142	0	afr	1.79359e-05	0	0	0	0	0	0	0	0	0	0	0	0	0	0	0	0	0	3.33267e-05	0	0	0	0	0	0	0	0
chrX	147945035	.	T	TGGA	.	PASS	1	1181280	8.46539e-07	0	112137	0	1	1069143	9.35329e-07	nfe	0	0	0	0	0	1.13809e-06	0	0	0	0	0	0	0	0	1.21119e-06	0	0	0	0	0	0	0	0	0	0	0	0
chrX	147945036	.	G	T	.	EXOMES_FILTERED	0	1182088	0	0	112770	0	0	1069318	0	.	0	0	0	0	0	0	0	0	0	0	0	0	0	0	0	0	0	0	0	0	0	0	0	0	0	0	0
chrX	147945037	.	G	C	.	EXOMES_FILTERED	1	1179216	8.48021e-07	1	110369	9.06052e-06	0	1068847	0	.	0	0	0	0	0	0	0	0	2.15049e-05	0	0	0	0	0	0	0	0	0	0	0	0	0	0	0	0	0	0.000676133
chrX	147945041	.	A	C	.	PASS	5	1175376	4.25396e-06	5	110343	4.53133e-05	0	1065033	0	afr	5.37644e-05	4.9843e-05	0	0	0	0	0	0	0	0	0	0	0	0	0	0	0	0	9.92162e-05	0.000193162	0	0	0	0	0	0	0
chrX	154031265	.	C	T	.	PASS	1	1210580	8.2605e-07	1	112342	8.90139e-06	0	1098238	0	.	0	0	0	0	2.14041e-05	0	0	0	0	0	0	0	0	0	0	0	0	0	0	0	0	0	0.000161603	0	0	0	0
chrX	154031266	.	G	A	.	PASS	9	1210446	7.43528e-06	1	112215	8.91146e-06	8	1098231	7.28444e-06	sas	1.74749e-05	0	0	0	0	6.70173e-06	0	1.75914e-05	2.10044e-05	0	0	0	0	0	7.12487e-06	0	1.84679e-05	2.16934e-05	3.24401e-05	0	0	0	0	0	0	0	0
chrX	154031267	.	G	T	.	PASS	3	1210600	2.47811e-06	1	112366	8.89949e-06	2	1098234	1.82111e-06	nfe	0	0	0	0	0	3.35088e-06	0	0	0	0	0	0	0	0	2.37496e-06	0	0	0	0	0	0	0	0	1.88083e-05	0	0	0
chrX	154031273	.	G	A	.	PASS	5	1210595	4.1302e-06	1	112381	8.8983e-06	4	1098214	3.64228e-06	afr	3.49144e-05	0	0	0	0	3.3508e-06	0	0	0	3.78788e-05	0	0	0	0	3.56249e-06	0	0	0	3.23803e-05	0	0	0	0	0	0	0	0
chrX	154031273	.	G	T	.	PASS	7	1212237	5.77445e-06	0	114023	0	7	1098214	6.37399e-06	sas	0	0	0	0	0	0	0	8.77162e-05	4.19586e-05	0	0	0	0	0	0	0	9.23395e-05	4.33858e-05	0	0	0	0	0	0	0	0	0
chrX	154031274	.	C	A	.	PASS	1	1212327	8.2486e-07	0	114095	0	1	1098232	9.10554e-07	nfe	0	0	0	0	0	1.11654e-06	0	0	0	0	0	0	0	0	1.18748e-06	0	0	0	0	0	0	0	0	0	0	0	0
chrX	154031276	.	A	G	.	PASS	1	1212036	8.25058e-07	0	113802	0	1	1098234	9.10553e-07	nfe	0	0	0	0	0	1.11662e-06	0	0	0	0	0	0	0	0	1.18747e-06	0	0	0	0	0	0	0	0	0	0	0	0
