chrY	12911947	.	G	T	.	EXOMES_FILTERED	16	385555	4.14986e-05	2	33716	5.9319e-05	14	351839	3.97909e-05	nfe	0	0	0	0	0	5.86667e-05	0	0	0	0	0	0	0	0	5.4028e-05	0	0	0	0	0	0	0	0	0.000147037	0	0	0
chrY	12912732	.	A	T	.	EXOMES_FILTERED	1	398187	2.51138e-06	0	35136	0	1	363051	2.75443e-06	nfe	0	0	0	0	0	3.5299e-06	0	0	0	0	0	0	0	0	3.71194e-06	0	0	0	0	0	0	0	0	0	0	0	0
chrY	12912734	.	G	A	.	EXOMES_FILTERED	3	398148	7.53489e-06	0	35057	0	3	363091	8.26239e-06	nfe	0	0	0	0	0	1.05894e-05	0	0	0	0	0	0	0	0	1.11342e-05	0	0	0	0	0	0	0	0	0	0	0	0
chrY	12912736	.	T	C	.	PASS	1	398305	2.51064e-06	0	35168	0	1	363137	2.75378e-06	nfe	0	0	0	0	0	3.52909e-06	0	0	0	0	0	0	0	0	3.71108e-06	0	0	0	0	0	0	0	0	0	0	0	0
chrY	12912737	.	C	A	.	EXOMES_FILTERED	2	397930	5.02601e-06	0	34892	0	2	363038	5.50907e-06	nfe	0	0	0	0	0	7.06205e-06	0	0	0	0	0	0	0	0	7.42415e-06	0	0	0	0	0	0	0	0	0	0	0	0
chrY	12912737	.	C	T	.	PASS	1	397930	2.513e-06	0	34892	0	1	363038	2.75453e-06	nfe	0	0	0	0	0	3.53102e-06	0	0	0	0	0	0	0	0	3.71208e-06	0	0	0	0	0	0	0	0	0	0	0	0
chrY	12912738	.	G	A	.	EXOMES_FILTERED	3	398048	7.53678e-06	0	35031	0	3	363017	8.26408e-06	nfe	0	0	0	0	0	1.05926e-05	0	0	0	0	0	0	0	0	1.11376e-05	0	0	0	0	0	0	0	0	0	0	0	0
chrY	12912739	.	T	C	.	PASS	1	398402	2.51003e-06	0	35262	0	1	363140	2.75376e-06	nfe	0	0	0	0	0	3.52886e-06	0	0	0	0	0	0	0	0	3.71106e-06	0	0	0	0	0	0	0	0	0	0	0	0
chrY	12912740	.	G	A	.	EXOMES_FILTERED	2	398315	5.02115e-06	0	35217	0	2	363098	5.50815e-06	eas	0	0	0	0.000184434	0	0	0	0	0	0	0	0	0.000210881	0	0	0	0	0	0	0	0	0	0	0	0	0	0
chrY	12912741	.	G	C	.	EXOMES_FILTERED	1	398345	2.51039e-06	0	35214	0	1	363131	2.75383e-06	nfe	0	0	0	0	0	3.52925e-06	0	0	0	0	0	0	0	0	3.71114e-06	0	0	0	0	0	0	0	0	0	0	0	0
chrY	12912743	.	C	T	.	EXOMES_FILTERED	4	396040	1.01e-05	1	32953	3.03463e-05	3	363087	8.26248e-06	nfe	0	0	0	0	0	1.41396e-05	0	0	0	0	0	0	0	0	1.11348e-05	0	0	0	0	0	0	0	0	7.42501e-05	0	0	0
